Date,City,City_Code,Latitude,Longitude,Day_of_Week,Is_Weekend,Temperature_Max_C,Temperature_Min_C,Temperature_Mean_C,Apparent_Temperature_Max_C,Apparent_Temperature_Min_C,Precipitation_Sum_MM,Rain_Sum_MM,Precipitation_Hours,Wind_Speed_Max_KMH,Wind_Gusts_Max_KMH,Wind_Direction_Dominant_Deg,Weather_Code,Weather_Source,Holiday_Names,Holiday_Types,Holiday_Regions,Holiday_Sources,Is_Holiday,Morning_Capture_Timestamp,Morning_Temperature_C,Morning_Weather_Condition,Morning_Precipitation_Probability,Morning_Humidity_Percent,Morning_Wind_Speed,Morning_Location,Midday_Capture_Timestamp,Midday_Temperature_C,Midday_Weather_Condition,Midday_Precipitation_Probability,Midday_Humidity_Percent,Midday_Wind_Speed,Midday_Location
2026-06-01,Ahmedabad,AMD,23.0225,72.5714,Monday,false,39.9,26.4,33.6,43.6,29.9,6.5,0.9,2.0,15.3,43.9,227,81,open-meteo-historical-forecast,,,,,false,2026-06-01T06:00,29.8,0,1,74,6.0,Ahmedabad,2026-06-01T12:00,36.3,0,0,46,8.5,Ahmedabad
2026-06-02,Ahmedabad,AMD,23.0225,72.5714,Tuesday,false,37.0,24.1,31.0,41.7,26.9,0.6,0.6,3.0,12.9,31.0,201,51,open-meteo-historical-forecast,,,,,false,2026-06-02T06:00,24.1,3,0,88,4.6,Ahmedabad,2026-06-02T12:00,34.3,2,0,49,6.8,Ahmedabad
2026-06-03,Ahmedabad,AMD,23.0225,72.5714,Wednesday,false,39.4,29.3,33.9,44.6,35.5,1.6,0.8,6.0,15.0,34.9,210,55,open-meteo-historical-forecast,,,,,false,2026-06-03T06:00,29.3,0,2,84,4.7,Ahmedabad,2026-06-03T12:00,37.4,51,9,41,5.4,Ahmedabad
2026-06-04,Ahmedabad,AMD,23.0225,72.5714,Thursday,false,39.4,30.4,34.5,43.4,35.7,0.4,0.3,4.0,16.7,39.2,210,51,open-meteo-historical-forecast,,,,,false,2026-06-04T06:00,30.6,0,0,68,6.3,Ahmedabad,2026-06-04T12:00,37.9,1,4,40,11.3,Ahmedabad
2026-06-05,Ahmedabad,AMD,23.0225,72.5714,Friday,false,39.3,29.8,34.0,43.5,34.8,0.2,0.2,1.0,12.9,36.0,218,51,open-meteo-historical-forecast,,,,,false,2026-06-05T06:00,29.8,0,0,73,7.9,Ahmedabad,2026-06-05T12:00,36.4,0,9,44,11.8,Ahmedabad
2026-06-06,Ahmedabad,AMD,23.0225,72.5714,Saturday,true,40.5,30.8,35.0,44.2,35.5,0.1,0.0,1.0,14.8,36.4,221,51,open-meteo-historical-forecast,,,,,false,2026-06-06T06:00,30.8,0,0,68,10.2,Ahmedabad,2026-06-06T12:00,38.5,1,0,38,10.6,Ahmedabad
2026-06-07,Ahmedabad,AMD,23.0225,72.5714,Sunday,true,41.4,30.7,34.8,44.4,35.8,0.0,0.0,0.0,16.2,43.9,235,1,open-meteo-historical-forecast,,,,,false,2026-06-07T06:00,30.9,0,0,69,6.0,Ahmedabad,2026-06-07T12:00,37.9,0,0,40,11.3,Ahmedabad
2026-06-08,Ahmedabad,AMD,23.0225,72.5714,Monday,false,41.5,30.4,34.8,45.1,35.3,0.0,0.0,0.0,16.3,42.5,231,3,open-meteo-historical-forecast,,,,,false,2026-06-08T06:00,30.8,2,0,69,8.7,Ahmedabad,2026-06-08T12:00,38.3,0,0,40,12.9,Ahmedabad
2026-06-09,Ahmedabad,AMD,23.0225,72.5714,Tuesday,false,41.3,30.6,34.8,44.0,34.9,0.1,0.1,1.0,17.0,43.2,231,51,open-meteo-historical-forecast,,,,,false,2026-06-09T06:00,30.6,0,0,65,9.2,Ahmedabad,2026-06-09T12:00,37.7,2,0,41,12.0,Ahmedabad
2026-06-10,Ahmedabad,AMD,23.0225,72.5714,Wednesday,false,41.5,30.6,34.8,45.0,34.8,0.0,0.0,0.0,19.2,47.5,226,1,open-meteo-historical-forecast,,,,,false,2026-06-10T06:00,30.6,1,0,68,12.4,Ahmedabad,2026-06-10T12:00,38.1,0,0,39,10.2,Ahmedabad
2026-06-11,Ahmedabad,AMD,23.0225,72.5714,Thursday,false,41.6,30.2,34.5,45.2,34.1,0.0,0.0,0.0,18.0,46.8,216,3,open-meteo-historical-forecast,,,,,false,2026-06-11T06:00,30.2,3,0,69,13.3,Ahmedabad,2026-06-11T12:00,38.6,0,0,39,12.6,Ahmedabad
2026-06-12,Ahmedabad,AMD,23.0225,72.5714,Friday,false,42.1,29.8,34.4,45.0,33.8,0.0,0.0,0.0,18.7,48.6,212,1,open-meteo-historical-forecast,,,,,false,2026-06-12T06:00,29.8,1,0,72,15.2,Ahmedabad,2026-06-12T12:00,38.2,0,0,40,14.2,Ahmedabad
2026-06-13,Ahmedabad,AMD,23.0225,72.5714,Saturday,true,40.4,29.7,34.7,43.5,33.6,0.1,0.0,1.0,17.8,44.6,236,51,open-meteo-historical-forecast,,,,,false,2026-06-13T06:00,29.7,0,0,70,8.2,Ahmedabad,2026-06-13T12:00,37.9,0,0,37,11.4,Ahmedabad
2026-06-14,Ahmedabad,AMD,23.0225,72.5714,Sunday,true,39.7,29.5,34.1,41.7,33.5,0.6,0.6,3.0,19.0,47.5,265,51,open-meteo-historical-forecast,,,,,false,2026-06-14T06:00,29.6,2,1,70,12.6,Ahmedabad,2026-06-14T12:00,37.5,1,7,37,12.0,Ahmedabad
2026-06-15,Ahmedabad,AMD,23.0225,72.5714,Monday,false,39.6,29.7,34.0,42.3,33.8,0.3,0.3,2.0,16.4,45.0,255,51,open-meteo-historical-forecast,,,,,false,2026-06-15T06:00,30.3,1,5,66,11.5,Ahmedabad,2026-06-15T12:00,35.6,0,10,44,14.2,Ahmedabad
2026-06-16,Ahmedabad,AMD,23.0225,72.5714,Tuesday,false,39.0,29.9,33.7,41.7,33.6,0.0,0.0,0.0,18.3,43.6,232,3,open-meteo-historical-forecast,,,,,false,2026-06-16T06:00,29.9,0,0,64,8.4,Ahmedabad,2026-06-16T12:00,36.1,3,3,40,12.4,Ahmedabad
2026-06-17,Ahmedabad,AMD,23.0225,72.5714,Wednesday,false,39.1,27.1,33.1,42.0,31.7,5.4,2.2,8.0,14.9,36.4,236,80,open-meteo-historical-forecast,,,,,false,2026-06-17T06:00,30.1,0,2,68,9.3,Ahmedabad,2026-06-17T12:00,36.8,0,8,39,12.0,Ahmedabad
2026-06-18,Ahmedabad,AMD,23.0225,72.5714,Thursday,false,36.8,24.3,30.4,40.6,28.6,3.4,3.4,10.0,13.5,34.9,194,80,open-meteo-historical-forecast,,,,,false,2026-06-18T06:00,24.9,80,67,97,5.5,Ahmedabad,2026-06-18T12:00,33.9,51,37,52,8.4,Ahmedabad
2026-06-19,Ahmedabad,AMD,23.0225,72.5714,Friday,false,36.5,24.5,31.1,41.1,28.3,11.7,2.3,9.0,15.8,47.2,207,96,open-meteo-historical-forecast,,,,,false,2026-06-19T06:00,27.1,80,70,88,1.6,Ahmedabad,2026-06-19T12:00,34.9,0,28,45,9.9,Ahmedabad
2026-06-20,Ahmedabad,AMD,23.0225,72.5714,Saturday,true,39.1,29.8,33.9,43.0,33.8,1.2,0.3,1.0,14.8,38.5,238,55,open-meteo-historical-forecast,,,,,false,2026-06-20T06:00,29.8,0,3,69,8.7,Ahmedabad,2026-06-20T12:00,37.3,0,0,36,8.8,Ahmedabad
2026-06-21,Ahmedabad,AMD,23.0225,72.5714,Sunday,true,39.6,30.0,34.0,42.6,34.0,0.0,0.0,0.0,15.2,38.9,240,2,open-meteo-historical-forecast,,,,,false,2026-06-21T06:00,30.0,1,0,67,10.4,Ahmedabad,2026-06-21T12:00,36.9,2,0,39,10.4,Ahmedabad
2026-06-22,Ahmedabad,AMD,23.0225,72.5714,Monday,false,39.0,30.1,33.6,43.1,34.2,0.7,0.7,3.0,15.7,42.8,224,51,open-meteo-historical-forecast,,,,,false,2026-06-22T06:00,30.1,0,0,68,7.4,Ahmedabad,2026-06-22T12:00,36.9,0,15,41,7.8,Ahmedabad
2026-06-23,Ahmedabad,AMD,23.0225,72.5714,Tuesday,false,38.8,24.4,32.8,42.1,28.3,2.0,1.2,5.0,16.8,41.0,232,80,open-meteo-historical-forecast,,,,,false,2026-06-23T06:00,24.4,80,9,89,8.9,Ahmedabad,2026-06-23T12:00,35.2,51,20,49,8.1,Ahmedabad
2026-06-24,Ahmedabad,AMD,23.0225,72.5714,Wednesday,false,39.0,29.7,33.7,42.2,33.7,0.2,0.2,2.0,16.3,40.7,254,51,open-meteo-historical-forecast,,,,,false,2026-06-24T06:00,29.8,0,6,72,11.2,Ahmedabad,2026-06-24T12:00,37.6,0,10,37,10.3,Ahmedabad
2026-06-25,Ahmedabad,AMD,23.0225,72.5714,Thursday,false,38.7,29.8,34.0,41.9,33.2,0.4,0.1,2.0,15.2,36.4,254,51,open-meteo-historical-forecast,,,,,false,2026-06-25T06:00,29.8,2,0,69,10.9,Ahmedabad,2026-06-25T12:00,36.5,51,6,39,9.2,Ahmedabad
2026-06-26,Ahmedabad,AMD,23.0225,72.5714,Friday,false,39.3,30.0,34.4,41.4,34.1,0.1,0.0,1.0,14.5,38.5,250,51,open-meteo-historical-forecast,Muharram,public,National,python-holidays,true,2026-06-26T06:00,30.0,0,5,71,10.3,Ahmedabad,2026-06-26T12:00,37.3,51,1,35,9.3,Ahmedabad
2026-06-27,Ahmedabad,AMD,23.0225,72.5714,Saturday,true,39.7,30.1,35.0,43.3,33.7,0.1,0.1,1.0,13.7,33.5,254,51,open-meteo-historical-forecast,,,,,false,2026-06-27T06:00,30.1,1,0,67,10.1,Ahmedabad,2026-06-27T12:00,37.8,0,4,39,9.5,Ahmedabad
2026-06-28,Ahmedabad,AMD,23.0225,72.5714,Sunday,true,39.0,29.2,34.2,43.5,33.1,0.0,0.0,0.0,14.2,34.9,258,3,open-meteo-historical-forecast,,,,,false,2026-06-28T06:00,29.2,2,2,71,10.9,Ahmedabad,2026-06-28T12:00,36.9,1,1,41,8.1,Ahmedabad
2026-06-29,Ahmedabad,AMD,23.0225,72.5714,Monday,false,39.3,29.4,33.6,43.2,33.7,0.4,0.2,1.0,15.9,46.4,246,51,open-meteo-historical-forecast,,,,,false,2026-06-29T06:00,29.9,2,0,68,11.9,Ahmedabad,2026-06-29T12:00,36.7,1,0,41,10.3,Ahmedabad
2026-06-30,Ahmedabad,AMD,23.0225,72.5714,Tuesday,false,38.9,30.2,33.5,42.9,34.3,0.7,0.7,2.0,18.6,46.4,235,53,open-meteo-historical-forecast,,,,,false,2026-06-30T06:00,30.6,0,5,64,11.5,Ahmedabad,2026-06-30T12:00,36.7,51,13,41,9.9,Ahmedabad
2026-06-01,Bengaluru,BLR,12.9716,77.5946,Monday,false,29.4,20.8,25.4,32.8,23.3,0.5,0.2,2.0,10.8,29.5,287,51,open-meteo-historical-forecast,,,,,false,2026-06-01T06:00,21.1,3,12,94,6.8,Bengaluru,2026-06-01T12:00,28.9,3,2,55,10.8,Bengaluru
2026-06-02,Bengaluru,BLR,12.9716,77.5946,Tuesday,false,30.9,22.1,26.0,35.7,24.2,3.6,3.3,9.0,9.8,26.6,257,53,open-meteo-historical-forecast,,,,,false,2026-06-02T06:00,22.3,0,8,88,8.1,Bengaluru,2026-06-02T12:00,30.4,51,29,47,3.6,Bengaluru
2026-06-03,Bengaluru,BLR,12.9716,77.5946,Wednesday,false,28.1,21.4,23.7,31.0,23.6,10.2,5.1,18.0,13.3,41.4,253,95,open-meteo-historical-forecast,,,,,false,2026-06-03T06:00,22.0,2,32,95,6.8,Bengaluru,2026-06-03T12:00,27.3,1,79,60,10.4,Bengaluru
2026-06-04,Bengaluru,BLR,12.9716,77.5946,Thursday,false,28.9,20.3,24.3,31.5,21.8,1.2,0.5,5.0,16.0,39.2,251,53,open-meteo-historical-forecast,,,,,false,2026-06-04T06:00,20.7,3,9,93,11.5,Bengaluru,2026-06-04T12:00,27.4,3,14,59,12.8,Bengaluru
2026-06-05,Bengaluru,BLR,12.9716,77.5946,Friday,false,27.2,20.9,23.8,29.5,22.9,2.7,1.1,7.0,22.0,54.0,246,53,open-meteo-historical-forecast,,,,,false,2026-06-05T06:00,21.3,3,0,91,12.9,Bengaluru,2026-06-05T12:00,26.2,53,49,69,19.5,Bengaluru
2026-06-06,Bengaluru,BLR,12.9716,77.5946,Saturday,true,28.8,20.5,23.9,30.6,22.5,0.4,0.4,4.0,19.5,51.5,243,51,open-meteo-historical-forecast,,,,,false,2026-06-06T06:00,20.7,3,4,93,10.7,Bengaluru,2026-06-06T12:00,27.0,51,43,59,12.8,Bengaluru
2026-06-07,Bengaluru,BLR,12.9716,77.5946,Sunday,true,28.9,20.9,24.0,32.0,22.8,3.7,1.9,11.0,15.2,37.1,253,53,open-meteo-historical-forecast,,,,,false,2026-06-07T06:00,21.1,3,36,93,5.8,Bengaluru,2026-06-07T12:00,27.2,51,62,64,11.4,Bengaluru
2026-06-08,Bengaluru,BLR,12.9716,77.5946,Monday,false,28.7,21.1,24.1,29.5,23.4,3.7,1.2,7.0,21.2,52.6,249,80,open-meteo-historical-forecast,,,,,false,2026-06-08T06:00,21.4,3,21,93,11.5,Bengaluru,2026-06-08T12:00,27.2,80,74,58,18.5,Bengaluru
2026-06-09,Bengaluru,BLR,12.9716,77.5946,Tuesday,false,27.2,21.3,23.9,28.2,22.9,1.1,0.5,8.0,21.3,54.7,256,51,open-meteo-historical-forecast,,,,,false,2026-06-09T06:00,21.5,3,7,94,14.0,Bengaluru,2026-06-09T12:00,25.0,51,39,70,19.5,Bengaluru
2026-06-10,Bengaluru,BLR,12.9716,77.5946,Wednesday,false,30.0,20.7,24.2,31.9,22.0,2.6,1.8,4.0,20.4,51.1,276,80,open-meteo-historical-forecast,,,,,false,2026-06-10T06:00,20.9,3,2,90,12.2,Bengaluru,2026-06-10T12:00,28.0,2,14,52,19.3,Bengaluru
2026-06-11,Bengaluru,BLR,12.9716,77.5946,Thursday,false,29.1,20.5,24.1,30.8,22.3,0.6,0.6,3.0,14.1,37.1,269,51,open-meteo-historical-forecast,,,,,false,2026-06-11T06:00,20.7,3,0,91,10.1,Bengaluru,2026-06-11T12:00,27.6,3,7,54,12.7,Bengaluru
2026-06-12,Bengaluru,BLR,12.9716,77.5946,Friday,false,27.7,20.5,23.5,31.2,22.6,4.1,2.2,11.0,13.2,36.4,257,80,open-meteo-historical-forecast,,,,,false,2026-06-12T06:00,20.8,3,1,96,8.9,Bengaluru,2026-06-12T12:00,23.8,80,33,79,10.7,Bengaluru
2026-06-13,Bengaluru,BLR,12.9716,77.5946,Saturday,true,29.1,19.7,23.3,31.4,21.5,15.0,7.9,13.0,14.5,37.8,267,81,open-meteo-historical-forecast,,,,,false,2026-06-13T06:00,20.3,3,56,93,11.0,Bengaluru,2026-06-13T12:00,26.1,51,37,68,13.0,Bengaluru
2026-06-14,Bengaluru,BLR,12.9716,77.5946,Sunday,true,28.1,21.1,23.8,29.4,23.3,4.9,2.3,13.0,15.6,41.8,280,80,open-meteo-historical-forecast,,,,,false,2026-06-14T06:00,21.3,51,58,96,12.3,Bengaluru,2026-06-14T12:00,25.8,2,69,65,13.3,Bengaluru
2026-06-15,Bengaluru,BLR,12.9716,77.5946,Monday,false,29.8,20.3,24.9,31.9,22.5,0.0,0.0,0.0,16.5,41.0,299,3,open-meteo-historical-forecast,,,,,false,2026-06-15T06:00,21.4,3,1,91,11.1,Bengaluru,2026-06-15T12:00,28.7,1,5,53,13.0,Bengaluru
2026-06-16,Bengaluru,BLR,12.9716,77.5946,Tuesday,false,30.3,20.8,25.5,32.9,23.1,0.4,0.3,2.0,13.4,37.4,302,51,open-meteo-historical-forecast,,,,,false,2026-06-16T06:00,20.9,0,0,94,8.5,Bengaluru,2026-06-16T12:00,28.5,51,22,52,12.3,Bengaluru
2026-06-17,Bengaluru,BLR,12.9716,77.5946,Wednesday,false,30.4,21.7,25.7,33.2,24.5,1.7,1.6,7.0,12.7,32.8,286,53,open-meteo-historical-forecast,,,,,false,2026-06-17T06:00,21.7,3,0,90,6.5,Bengaluru,2026-06-17T12:00,29.3,51,19,52,10.9,Bengaluru
2026-06-18,Bengaluru,BLR,12.9716,77.5946,Thursday,false,27.7,21.6,23.8,30.3,24.2,6.0,2.3,7.0,13.4,34.6,264,80,open-meteo-historical-forecast,,,,,false,2026-06-18T06:00,21.9,51,22,91,7.9,Bengaluru,2026-06-18T12:00,25.7,3,40,67,9.8,Bengaluru
2026-06-19,Bengaluru,BLR,12.9716,77.5946,Friday,false,28.4,21.3,24.1,31.6,23.7,3.4,1.8,5.0,10.4,29.2,265,80,open-meteo-historical-forecast,,,,,false,2026-06-19T06:00,21.3,3,12,93,9.5,Bengaluru,2026-06-19T12:00,27.9,3,6,55,8.8,Bengaluru
2026-06-20,Bengaluru,BLR,12.9716,77.5946,Saturday,true,27.9,21.1,24.2,32.8,24.0,2.5,1.0,5.0,11.3,30.2,253,55,open-meteo-historical-forecast,,,,,false,2026-06-20T06:00,21.1,3,8,97,7.9,Bengaluru,2026-06-20T12:00,27.7,51,24,63,6.7,Bengaluru
2026-06-21,Bengaluru,BLR,12.9716,77.5946,Sunday,true,28.6,20.5,24.3,32.3,23.2,1.8,0.7,5.0,12.3,28.4,226,53,open-meteo-historical-forecast,,,,,false,2026-06-21T06:00,21.1,3,2,93,9.1,Bengaluru,2026-06-21T12:00,27.9,51,17,59,7.5,Bengaluru
2026-06-22,Bengaluru,BLR,12.9716,77.5946,Monday,false,29.4,20.9,24.0,32.5,22.9,2.1,1.1,6.0,14.7,46.4,243,53,open-meteo-historical-forecast,,,,,false,2026-06-22T06:00,20.9,2,8,95,9.3,Bengaluru,2026-06-22T12:00,28.3,51,22,55,11.4,Bengaluru
2026-06-23,Bengaluru,BLR,12.9716,77.5946,Tuesday,false,28.4,20.6,24.1,29.6,22.1,0.7,0.6,5.0,20.9,52.2,262,51,open-meteo-historical-forecast,,,,,false,2026-06-23T06:00,20.9,3,19,89,14.6,Bengaluru,2026-06-23T12:00,27.4,3,9,55,19.4,Bengaluru
2026-06-24,Bengaluru,BLR,12.9716,77.5946,Wednesday,false,29.6,20.5,24.0,31.8,21.6,1.6,0.7,3.0,22.2,53.6,256,53,open-meteo-historical-forecast,,,,,false,2026-06-24T06:00,20.5,3,0,89,12.2,Bengaluru,2026-06-24T12:00,28.1,1,18,56,15.9,Bengaluru
2026-06-25,Bengaluru,BLR,12.9716,77.5946,Thursday,false,30.1,20.4,24.2,32.4,22.3,3.9,1.8,9.0,20.2,52.9,257,80,open-meteo-historical-forecast,,,,,false,2026-06-25T06:00,20.7,1,0,89,11.7,Bengaluru,2026-06-25T12:00,29.5,51,56,49,16.3,Bengaluru
2026-06-26,Bengaluru,BLR,12.9716,77.5946,Friday,false,29.1,20.2,24.2,30.9,22.3,3.9,2.9,8.0,16.9,44.6,268,55,open-meteo-historical-forecast,Muharram,public,National,python-holidays,true,2026-06-26T06:00,21.0,3,0,91,9.9,Bengaluru,2026-06-26T12:00,28.3,51,64,51,15.7,Bengaluru
2026-06-27,Bengaluru,BLR,12.9716,77.5946,Saturday,true,29.8,20.6,24.7,32.8,22.6,5.3,1.4,9.0,15.1,37.1,265,81,open-meteo-historical-forecast,,,,,false,2026-06-27T06:00,20.7,3,0,94,9.9,Bengaluru,2026-06-27T12:00,29.0,51,19,49,12.0,Bengaluru
2026-06-28,Bengaluru,BLR,12.9716,77.5946,Sunday,true,28.9,20.7,23.7,32.1,22.5,3.2,1.6,5.0,19.9,55.8,242,80,open-meteo-historical-forecast,,,,,false,2026-06-28T06:00,20.9,3,0,95,8.4,Bengaluru,2026-06-28T12:00,28.7,3,33,59,15.3,Bengaluru
2026-06-29,Bengaluru,BLR,12.9716,77.5946,Monday,false,28.1,20.2,22.9,29.1,22.1,8.4,4.8,10.0,20.0,49.0,254,80,open-meteo-historical-forecast,,,,,false,2026-06-29T06:00,20.3,1,0,93,9.7,Bengaluru,2026-06-29T12:00,27.9,3,19,55,18.5,Bengaluru
2026-06-30,Bengaluru,BLR,12.9716,77.5946,Tuesday,false,29.2,20.1,23.6,29.9,20.7,1.4,0.8,5.0,23.4,58.3,263,53,open-meteo-historical-forecast,,,,,false,2026-06-30T06:00,20.3,3,0,87,15.5,Bengaluru,2026-06-30T12:00,27.8,3,16,53,23.2,Bengaluru
2026-06-01,Mumbai,BOM,19.076,72.8777,Monday,false,34.1,29.7,31.7,40.7,35.5,0.3,0.3,3.0,15.0,41.0,260,51,open-meteo-historical-forecast,,,,,false,2026-06-01T06:00,29.8,1,9,74,3.8,Mumbai,2026-06-01T12:00,33.7,0,51,57,10.4,Mumbai
2026-06-02,Mumbai,BOM,19.076,72.8777,Tuesday,false,34.2,25.0,30.3,40.1,28.5,1.2,0.7,5.0,16.0,44.3,266,51,open-meteo-historical-forecast,,,,,false,2026-06-02T06:00,25.2,51,29,88,4.1,Mumbai,2026-06-02T12:00,34.1,0,6,53,11.9,Mumbai
2026-06-03,Mumbai,BOM,19.076,72.8777,Wednesday,false,32.5,25.2,29.7,39.3,30.0,2.3,1.2,5.0,14.1,38.9,215,80,open-meteo-historical-forecast,,,,,false,2026-06-03T06:00,25.2,80,30,88,5.2,Mumbai,2026-06-03T12:00,32.5,0,9,62,10.1,Mumbai
2026-06-04,Mumbai,BOM,19.076,72.8777,Thursday,false,32.9,28.1,30.9,39.1,33.5,0.6,0.3,4.0,14.2,40.0,213,51,open-meteo-historical-forecast,,,,,false,2026-06-04T06:00,28.1,51,0,81,6.8,Mumbai,2026-06-04T12:00,32.6,51,28,63,12.8,Mumbai
2026-06-05,Mumbai,BOM,19.076,72.8777,Friday,false,33.4,28.6,31.1,40.7,34.4,3.4,1.9,11.0,14.6,40.3,239,95,open-meteo-historical-forecast,,,,,false,2026-06-05T06:00,28.7,53,29,85,3.6,Mumbai,2026-06-05T12:00,33.3,0,24,63,10.5,Mumbai
2026-06-06,Mumbai,BOM,19.076,72.8777,Saturday,true,34.0,27.7,31.2,40.8,34.4,2.1,1.0,11.0,14.8,39.6,249,95,open-meteo-historical-forecast,,,,,false,2026-06-06T06:00,27.8,51,77,93,7.3,Mumbai,2026-06-06T12:00,33.7,51,33,61,11.0,Mumbai
2026-06-07,Mumbai,BOM,19.076,72.8777,Sunday,true,33.8,29.8,31.5,39.9,35.8,2.1,1.0,11.0,13.6,38.2,257,95,open-meteo-historical-forecast,,,,,false,2026-06-07T06:00,29.8,3,29,80,5.2,Mumbai,2026-06-07T12:00,33.7,1,66,57,10.9,Mumbai
2026-06-08,Mumbai,BOM,19.076,72.8777,Monday,false,33.7,26.8,30.5,38.9,31.5,4.5,2.3,12.0,17.1,45.4,241,53,open-meteo-historical-forecast,,,,,false,2026-06-08T06:00,26.8,2,56,84,8.7,Mumbai,2026-06-08T12:00,33.6,1,38,55,14.3,Mumbai
2026-06-09,Mumbai,BOM,19.076,72.8777,Tuesday,false,33.5,28.0,30.7,39.3,34.0,6.1,3.4,23.0,18.4,47.9,261,95,open-meteo-historical-forecast,,,,,false,2026-06-09T06:00,29.7,1,59,74,4.2,Mumbai,2026-06-09T12:00,33.3,51,67,59,14.1,Mumbai
2026-06-10,Mumbai,BOM,19.076,72.8777,Wednesday,false,33.3,28.0,30.8,39.1,33.5,9.7,2.3,19.0,17.8,45.7,258,95,open-meteo-historical-forecast,,,,,false,2026-06-10T06:00,29.2,51,76,80,7.0,Mumbai,2026-06-10T12:00,33.1,51,57,60,15.1,Mumbai
2026-06-11,Mumbai,BOM,19.076,72.8777,Thursday,false,33.6,29.7,31.4,38.6,34.1,1.6,0.4,11.0,17.6,45.4,244,95,open-meteo-historical-forecast,,,,,false,2026-06-11T06:00,30.5,2,30,70,11.7,Mumbai,2026-06-11T12:00,32.8,51,9,62,15.8,Mumbai
2026-06-12,Mumbai,BOM,19.076,72.8777,Friday,false,33.9,30.0,31.7,38.9,34.5,1.1,0.6,7.0,17.6,46.4,241,51,open-meteo-historical-forecast,,,,,false,2026-06-12T06:00,30.2,51,41,75,12.6,Mumbai,2026-06-12T12:00,33.7,51,0,55,17.3,Mumbai
2026-06-13,Mumbai,BOM,19.076,72.8777,Saturday,true,33.8,29.8,31.5,38.5,34.5,1.2,1.0,10.0,19.7,51.5,258,95,open-meteo-historical-forecast,,,,,false,2026-06-13T06:00,30.4,2,36,72,13.0,Mumbai,2026-06-13T12:00,33.6,51,18,54,17.8,Mumbai
2026-06-14,Mumbai,BOM,19.076,72.8777,Sunday,true,33.6,29.4,31.1,38.0,34.2,2.8,1.2,13.0,19.0,49.3,273,95,open-meteo-historical-forecast,,,,,false,2026-06-14T06:00,30.0,3,26,72,11.2,Mumbai,2026-06-14T12:00,33.2,51,67,54,16.8,Mumbai
2026-06-15,Mumbai,BOM,19.076,72.8777,Monday,false,32.3,29.3,30.8,37.5,33.4,2.3,1.0,6.0,18.6,48.2,271,53,open-meteo-historical-forecast,,,,,false,2026-06-15T06:00,29.5,0,25,67,5.6,Mumbai,2026-06-15T12:00,31.3,51,84,69,14.9,Mumbai
2026-06-16,Mumbai,BOM,19.076,72.8777,Tuesday,false,33.2,28.9,31.1,38.5,33.9,0.9,0.7,6.0,16.8,44.6,260,51,open-meteo-historical-forecast,,,,,false,2026-06-16T06:00,29.3,0,46,74,5.9,Mumbai,2026-06-16T12:00,32.9,51,19,58,13.7,Mumbai
2026-06-17,Mumbai,BOM,19.076,72.8777,Wednesday,false,33.5,29.1,31.2,38.9,34.0,0.7,0.7,7.0,19.5,51.5,259,51,open-meteo-historical-forecast,,,,,false,2026-06-17T06:00,29.3,1,31,71,3.9,Mumbai,2026-06-17T12:00,33.5,51,34,54,13.4,Mumbai
2026-06-18,Mumbai,BOM,19.076,72.8777,Thursday,false,33.5,28.9,31.2,38.5,33.7,0.5,0.4,5.0,15.5,43.2,254,51,open-meteo-historical-forecast,,,,,false,2026-06-18T06:00,29.9,1,83,64,7.6,Mumbai,2026-06-18T12:00,33.4,0,15,53,13.3,Mumbai
2026-06-19,Mumbai,BOM,19.076,72.8777,Friday,false,33.4,29.5,31.2,38.4,33.4,0.0,0.0,0.0,16.5,45.0,235,3,open-meteo-historical-forecast,,,,,false,2026-06-19T06:00,29.5,1,15,67,7.4,Mumbai,2026-06-19T12:00,33.2,0,9,54,13.4,Mumbai
2026-06-20,Mumbai,BOM,19.076,72.8777,Saturday,true,33.5,29.5,31.3,38.7,33.7,0.0,0.0,0.0,14.3,41.0,250,3,open-meteo-historical-forecast,,,,,false,2026-06-20T06:00,29.6,2,6,69,5.3,Mumbai,2026-06-20T12:00,33.3,1,5,52,11.7,Mumbai
2026-06-21,Mumbai,BOM,19.076,72.8777,Sunday,true,32.8,29.5,30.8,37.6,33.8,0.5,0.4,3.0,13.1,37.8,261,51,open-meteo-historical-forecast,,,,,false,2026-06-21T06:00,29.5,51,44,69,5.0,Mumbai,2026-06-21T12:00,32.8,3,50,55,10.1,Mumbai
2026-06-22,Mumbai,BOM,19.076,72.8777,Monday,false,31.8,25.4,29.3,37.1,30.9,12.4,4.9,15.0,13.6,37.1,197,95,open-meteo-historical-forecast,,,,,false,2026-06-22T06:00,27.4,53,99,82,12.4,Mumbai,2026-06-22T12:00,30.8,1,78,69,11.6,Mumbai
2026-06-23,Mumbai,BOM,19.076,72.8777,Tuesday,false,27.6,25.6,26.4,32.4,30.6,51.6,26.8,24.0,11.7,29.9,188,95,open-meteo-historical-forecast,,,,,false,2026-06-23T06:00,25.6,95,90,93,9.3,Mumbai,2026-06-23T12:00,27.2,81,99,87,10.4,Mumbai
2026-06-24,Mumbai,BOM,19.076,72.8777,Wednesday,false,27.7,24.9,26.5,32.6,29.5,29.0,21.9,21.0,12.0,29.2,178,81,open-meteo-historical-forecast,,,,,false,2026-06-24T06:00,25.3,80,96,96,3.9,Mumbai,2026-06-24T12:00,27.0,53,91,83,8.4,Mumbai
2026-06-25,Mumbai,BOM,19.076,72.8777,Thursday,false,29.7,25.9,27.9,36.3,30.9,6.7,3.5,20.0,15.3,42.1,209,55,open-meteo-historical-forecast,,,,,false,2026-06-25T06:00,25.9,55,63,89,5.4,Mumbai,2026-06-25T12:00,29.3,51,80,74,10.2,Mumbai
2026-06-26,Mumbai,BOM,19.076,72.8777,Friday,false,30.3,26.2,28.1,37.0,31.5,5.8,2.7,17.0,15.3,38.2,209,80,open-meteo-historical-forecast,Muharram,public,National,python-holidays,true,2026-06-26T06:00,26.9,2,29,91,6.4,Mumbai,2026-06-26T12:00,30.2,3,59,73,7.8,Mumbai
2026-06-27,Mumbai,BOM,19.076,72.8777,Saturday,true,31.1,26.9,29.2,39.0,33.0,0.8,0.4,7.0,11.2,31.3,218,51,open-meteo-historical-forecast,,,,,false,2026-06-27T06:00,26.9,2,8,90,3.8,Mumbai,2026-06-27T12:00,31.0,51,15,71,6.5,Mumbai
2026-06-28,Mumbai,BOM,19.076,72.8777,Sunday,true,30.6,25.7,28.1,38.2,30.6,11.5,4.8,14.0,13.0,35.6,226,95,open-meteo-historical-forecast,,,,,false,2026-06-28T06:00,27.1,51,22,89,7.1,Mumbai,2026-06-28T12:00,30.6,3,30,73,8.9,Mumbai
2026-06-29,Mumbai,BOM,19.076,72.8777,Monday,false,28.4,25.7,26.9,33.7,30.5,26.4,14.3,24.0,12.4,32.0,221,80,open-meteo-historical-forecast,,,,,false,2026-06-29T06:00,26.0,55,99,95,3.2,Mumbai,2026-06-29T12:00,27.6,53,97,85,4.6,Mumbai
2026-06-30,Mumbai,BOM,19.076,72.8777,Tuesday,false,28.6,25.1,26.8,33.6,29.3,57.5,22.4,24.0,20.7,43.9,229,95,open-meteo-historical-forecast,,,,,false,2026-06-30T06:00,25.1,81,100,94,13.2,Mumbai,2026-06-30T12:00,27.7,80,100,83,13.0,Mumbai
2026-06-01,Kolkata,CCU,22.5726,88.3639,Monday,false,35.5,28.3,31.6,42.8,35.6,2.8,1.2,5.0,12.8,33.8,172,80,open-meteo-historical-forecast,,,,,false,2026-06-01T06:00,29.5,0,40,87,2.3,Kolkata,2026-06-01T12:00,33.9,80,32,51,12.8,Kolkata
2026-06-02,Kolkata,CCU,22.5726,88.3639,Tuesday,false,37.7,28.3,32.4,43.5,35.3,0.4,0.4,2.0,10.9,28.4,180,51,open-meteo-historical-forecast,,,,,false,2026-06-02T06:00,29.8,0,0,83,3.8,Kolkata,2026-06-02T12:00,37.3,0,18,41,2.8,Kolkata
2026-06-03,Kolkata,CCU,22.5726,88.3639,Wednesday,false,37.3,29.2,32.5,45.5,36.0,0.8,0.6,3.0,12.2,32.8,191,53,open-meteo-historical-forecast,,,,,false,2026-06-03T06:00,30.2,0,0,82,6.4,Kolkata,2026-06-03T12:00,37.2,0,15,49,1.9,Kolkata
2026-06-04,Kolkata,CCU,22.5726,88.3639,Thursday,false,37.6,29.5,32.6,44.5,34.6,11.2,2.4,5.0,14.9,38.5,182,96,open-meteo-historical-forecast,,,,,false,2026-06-04T06:00,30.5,0,0,82,5.2,Kolkata,2026-06-04T12:00,37.4,53,46,47,9.9,Kolkata
2026-06-05,Kolkata,CCU,22.5726,88.3639,Friday,false,35.0,29.5,31.1,41.5,36.0,1.2,0.2,3.0,11.6,31.3,135,95,open-meteo-historical-forecast,,,,,false,2026-06-05T06:00,30.3,1,46,88,3.2,Kolkata,2026-06-05T12:00,31.6,3,42,71,11.6,Kolkata
2026-06-06,Kolkata,CCU,22.5726,88.3639,Saturday,true,34.1,26.0,29.3,42.6,32.1,19.2,11.4,10.0,11.5,29.5,134,96,open-meteo-historical-forecast,,,,,false,2026-06-06T06:00,27.2,3,85,93,7.8,Kolkata,2026-06-06T12:00,32.6,3,42,70,11.5,Kolkata
2026-06-07,Kolkata,CCU,22.5726,88.3639,Sunday,true,32.8,26.4,29.0,40.3,31.9,10.1,1.4,8.0,16.4,36.0,159,96,open-meteo-historical-forecast,,,,,false,2026-06-07T06:00,28.7,2,49,91,4.4,Kolkata,2026-06-07T12:00,32.4,51,50,76,6.5,Kolkata
2026-06-08,Kolkata,CCU,22.5726,88.3639,Monday,false,36.5,26.3,30.7,44.3,32.2,1.5,1.4,5.0,13.5,30.6,193,53,open-meteo-historical-forecast,,,,,false,2026-06-08T06:00,28.2,2,31,90,3.7,Kolkata,2026-06-08T12:00,35.6,3,7,57,4.4,Kolkata
2026-06-09,Kolkata,CCU,22.5726,88.3639,Tuesday,false,35.5,27.8,31.9,43.1,34.0,0.0,0.0,0.0,11.9,30.2,182,3,open-meteo-historical-forecast,,,,,false,2026-06-09T06:00,30.4,3,11,85,8.9,Kolkata,2026-06-09T12:00,35.4,1,10,58,10.7,Kolkata
2026-06-10,Kolkata,CCU,22.5726,88.3639,Wednesday,false,35.0,27.7,30.3,42.2,32.4,9.3,2.3,3.0,18.9,46.4,155,96,open-meteo-historical-forecast,,,,,false,2026-06-10T06:00,30.6,0,0,89,10.1,Kolkata,2026-06-10T12:00,32.8,53,75,65,18.9,Kolkata
2026-06-11,Kolkata,CCU,22.5726,88.3639,Thursday,false,33.5,26.0,28.6,41.7,30.8,16.4,5.2,10.0,12.4,40.0,159,96,open-meteo-historical-forecast,,,,,false,2026-06-11T06:00,29.1,1,9,88,10.1,Kolkata,2026-06-11T12:00,26.6,96,98,96,10.1,Kolkata
2026-06-12,Kolkata,CCU,22.5726,88.3639,Friday,false,32.6,25.4,28.6,41.5,30.8,1.3,1.1,5.0,9.8,24.5,138,53,open-meteo-historical-forecast,,,,,false,2026-06-12T06:00,26.3,3,18,91,4.8,Kolkata,2026-06-12T12:00,32.4,51,25,69,1.6,Kolkata
2026-06-13,Kolkata,CCU,22.5726,88.3639,Saturday,true,32.9,26.3,29.2,40.7,32.1,1.5,1.2,4.0,15.0,40.7,177,53,open-meteo-historical-forecast,,,,,false,2026-06-13T06:00,26.8,53,69,93,8.8,Kolkata,2026-06-13T12:00,32.9,3,55,71,6.1,Kolkata
2026-06-14,Kolkata,CCU,22.5726,88.3639,Sunday,true,33.1,27.4,29.8,39.7,34.1,1.9,1.0,4.0,12.4,41.4,194,55,open-meteo-historical-forecast,,,,,false,2026-06-14T06:00,28.5,2,4,84,2.3,Kolkata,2026-06-14T12:00,32.9,3,56,67,5.3,Kolkata
2026-06-15,Kolkata,CCU,22.5726,88.3639,Monday,false,35.9,28.3,31.0,43.8,34.6,15.1,2.9,7.0,15.5,39.6,174,96,open-meteo-historical-forecast,,,,,false,2026-06-15T06:00,29.5,1,38,84,3.8,Kolkata,2026-06-15T12:00,29.6,80,96,87,4.0,Kolkata
2026-06-16,Kolkata,CCU,22.5726,88.3639,Tuesday,false,36.2,28.5,31.6,42.7,34.9,4.1,1.5,6.0,13.0,32.8,179,80,open-meteo-historical-forecast,,,,,false,2026-06-16T06:00,29.6,1,36,81,6.5,Kolkata,2026-06-16T12:00,33.6,55,71,54,10.6,Kolkata
2026-06-17,Kolkata,CCU,22.5726,88.3639,Wednesday,false,36.2,28.6,32.1,43.0,34.9,1.4,0.6,5.0,10.7,28.4,186,53,open-meteo-historical-forecast,,,,,false,2026-06-17T06:00,30.0,1,30,83,9.8,Kolkata,2026-06-17T12:00,36.1,51,60,52,8.2,Kolkata
2026-06-18,Kolkata,CCU,22.5726,88.3639,Thursday,false,35.7,25.8,30.1,42.6,30.5,4.4,1.7,9.0,14.3,42.1,162,95,open-meteo-historical-forecast,,,,,false,2026-06-18T06:00,31.0,1,21,86,7.4,Kolkata,2026-06-18T12:00,34.7,51,62,55,14.3,Kolkata
2026-06-19,Kolkata,CCU,22.5726,88.3639,Friday,false,30.6,26.0,27.7,37.4,31.5,45.6,14.9,8.0,12.1,27.4,181,96,open-meteo-historical-forecast,,,,,false,2026-06-19T06:00,29.3,1,32,87,9.6,Kolkata,2026-06-19T12:00,26.3,95,99,94,2.9,Kolkata
2026-06-20,Kolkata,CCU,22.5726,88.3639,Saturday,true,34.5,27.0,30.1,41.9,32.8,1.2,1.1,5.0,12.4,29.2,181,53,open-meteo-historical-forecast,,,,,false,2026-06-20T06:00,28.3,3,0,90,4.7,Kolkata,2026-06-20T12:00,34.5,3,40,58,8.5,Kolkata
2026-06-21,Kolkata,CCU,22.5726,88.3639,Sunday,true,34.0,27.0,29.3,41.8,33.2,13.3,5.0,9.0,12.0,28.4,185,96,open-meteo-historical-forecast,,,,,false,2026-06-21T06:00,29.9,3,1,88,8.6,Kolkata,2026-06-21T12:00,30.2,3,64,83,7.8,Kolkata
2026-06-22,Kolkata,CCU,22.5726,88.3639,Monday,false,31.3,26.4,28.2,38.8,32.1,27.0,9.3,15.0,12.2,30.6,175,96,open-meteo-historical-forecast,,,,,false,2026-06-22T06:00,28.4,1,68,88,12.2,Kolkata,2026-06-22T12:00,31.3,95,91,77,9.6,Kolkata
2026-06-23,Kolkata,CCU,22.5726,88.3639,Tuesday,false,32.4,27.3,29.0,41.0,33.9,14.5,4.8,12.0,9.9,32.0,170,96,open-meteo-historical-forecast,,,,,false,2026-06-23T06:00,28.7,95,29,89,6.1,Kolkata,2026-06-23T12:00,30.1,95,63,84,8.5,Kolkata
2026-06-24,Kolkata,CCU,22.5726,88.3639,Wednesday,false,33.4,27.9,29.4,40.7,34.4,5.5,0.6,3.0,9.8,37.4,177,95,open-meteo-historical-forecast,,,,,false,2026-06-24T06:00,29.0,3,13,86,4.5,Kolkata,2026-06-24T12:00,28.1,95,51,91,8.7,Kolkata
2026-06-25,Kolkata,CCU,22.5726,88.3639,Thursday,false,34.9,27.1,29.7,43.4,32.5,3.1,1.4,7.0,13.8,33.8,164,95,open-meteo-historical-forecast,,,,,false,2026-06-25T06:00,28.0,51,34,96,2.7,Kolkata,2026-06-25T12:00,32.1,95,60,71,7.4,Kolkata
2026-06-26,Kolkata,CCU,22.5726,88.3639,Friday,false,32.9,27.0,29.8,40.7,32.9,6.2,1.8,5.0,9.3,27.4,166,96,open-meteo-historical-forecast,Muharram,public,National,python-holidays,true,2026-06-26T06:00,28.3,0,17,92,4.5,Kolkata,2026-06-26T12:00,29.3,96,50,86,2.4,Kolkata
2026-06-27,Kolkata,CCU,22.5726,88.3639,Saturday,true,34.3,27.5,30.2,41.1,34.0,2.0,1.6,8.0,12.3,26.6,160,53,open-meteo-historical-forecast,,,,,false,2026-06-27T06:00,28.8,2,0,88,5.1,Kolkata,2026-06-27T12:00,34.3,51,68,55,8.0,Kolkata
2026-06-28,Kolkata,CCU,22.5726,88.3639,Sunday,true,32.8,27.5,29.7,42.1,33.5,12.6,4.0,11.0,12.0,33.1,182,96,open-meteo-historical-forecast,,,,,false,2026-06-28T06:00,29.0,3,7,88,5.9,Kolkata,2026-06-28T12:00,32.8,95,84,75,8.7,Kolkata
2026-06-29,Kolkata,CCU,22.5726,88.3639,Monday,false,34.0,27.1,29.2,43.0,33.6,24.5,7.0,13.0,10.5,25.9,177,96,open-meteo-historical-forecast,,,,,false,2026-06-29T06:00,29.6,3,40,89,5.8,Kolkata,2026-06-29T12:00,33.9,3,88,68,0.6,Kolkata
2026-06-30,Kolkata,CCU,22.5726,88.3639,Tuesday,false,32.3,26.8,28.1,40.2,32.8,10.2,8.0,13.0,13.7,34.9,169,95,open-meteo-historical-forecast,,,,,false,2026-06-30T06:00,27.5,3,11,93,3.8,Kolkata,2026-06-30T12:00,32.3,51,70,69,0.4,Kolkata
2026-06-01,Kochi,COK,9.9312,76.2673,Monday,false,29.5,25.1,27.3,35.6,30.4,4.2,1.8,10.0,13.9,31.7,182,55,open-meteo-historical-forecast,,,,,false,2026-06-01T06:00,26.1,3,19,93,6.3,Kochi,2026-06-01T12:00,29.2,3,41,79,9.5,Kochi
2026-06-02,Kochi,COK,9.9312,76.2673,Tuesday,false,30.1,24.6,27.1,36.3,29.6,23.2,3.7,19.0,12.1,32.4,166,95,open-meteo-historical-forecast,,,,,false,2026-06-02T06:00,26.1,1,74,93,4.5,Kochi,2026-06-02T12:00,29.4,55,82,76,11.0,Kochi
2026-06-03,Kochi,COK,9.9312,76.2673,Wednesday,false,30.1,25.3,27.5,36.3,30.2,18.5,5.9,18.0,13.5,32.0,271,95,open-meteo-historical-forecast,,,,,false,2026-06-03T06:00,26.7,55,98,94,3.8,Kochi,2026-06-03T12:00,29.4,51,78,73,5.3,Kochi
2026-06-04,Kochi,COK,9.9312,76.2673,Thursday,false,28.1,25.1,26.4,34.0,29.7,46.4,14.2,24.0,20.1,38.5,251,95,open-meteo-historical-forecast,,,,,false,2026-06-04T06:00,25.1,53,100,96,5.1,Kochi,2026-06-04T12:00,28.1,80,99,83,9.4,Kochi
2026-06-05,Kochi,COK,9.9312,76.2673,Friday,false,27.9,25.8,26.6,33.6,31.5,25.4,13.2,24.0,11.8,25.2,335,81,open-meteo-historical-forecast,,,,,false,2026-06-05T06:00,26.1,81,100,93,3.8,Kochi,2026-06-05T12:00,27.5,53,96,90,11.0,Kochi
2026-06-06,Kochi,COK,9.9312,76.2673,Saturday,true,30.1,24.9,26.8,37.1,30.3,33.4,11.4,21.0,15.8,44.3,262,95,open-meteo-historical-forecast,,,,,false,2026-06-06T06:00,25.9,81,99,92,3.2,Kochi,2026-06-06T12:00,28.1,51,86,81,4.4,Kochi
2026-06-07,Kochi,COK,9.9312,76.2673,Sunday,true,28.4,25.5,26.7,33.8,29.9,26.7,9.2,24.0,20.7,48.2,245,95,open-meteo-historical-forecast,,,,,false,2026-06-07T06:00,25.5,51,98,94,7.5,Kochi,2026-06-07T12:00,27.1,80,100,84,20.7,Kochi
2026-06-08,Kochi,COK,9.9312,76.2673,Monday,false,28.3,25.4,26.7,33.6,29.2,32.1,12.5,23.0,22.1,39.6,248,95,open-meteo-historical-forecast,,,,,false,2026-06-08T06:00,25.9,80,100,93,16.5,Kochi,2026-06-08T12:00,27.2,51,100,89,3.2,Kochi
2026-06-09,Kochi,COK,9.9312,76.2673,Tuesday,false,27.5,24.8,26.3,33.6,29.2,39.0,11.9,24.0,22.4,43.9,275,95,open-meteo-historical-forecast,,,,,false,2026-06-09T06:00,26.9,51,99,89,13.4,Kochi,2026-06-09T12:00,27.5,53,100,84,10.4,Kochi
2026-06-10,Kochi,COK,9.9312,76.2673,Wednesday,false,29.1,25.6,26.9,34.5,30.4,16.0,8.3,22.0,15.5,33.1,269,80,open-meteo-historical-forecast,,,,,false,2026-06-10T06:00,25.6,53,94,96,5.4,Kochi,2026-06-10T12:00,27.9,51,91,80,10.7,Kochi
2026-06-11,Kochi,COK,9.9312,76.2673,Thursday,false,29.3,25.3,26.9,35.4,30.6,10.3,4.2,17.0,17.2,39.6,269,80,open-meteo-historical-forecast,,,,,false,2026-06-11T06:00,25.3,51,97,99,7.9,Kochi,2026-06-11T12:00,28.7,51,43,80,13.1,Kochi
2026-06-12,Kochi,COK,9.9312,76.2673,Friday,false,29.8,25.5,27.2,35.6,30.9,8.7,2.7,7.0,13.1,29.5,318,95,open-meteo-historical-forecast,,,,,false,2026-06-12T06:00,25.6,95,67,95,5.5,Kochi,2026-06-12T12:00,29.1,3,53,69,10.3,Kochi
2026-06-13,Kochi,COK,9.9312,76.2673,Saturday,true,29.2,24.8,27.3,35.8,30.2,8.8,3.3,10.0,11.1,28.8,283,81,open-meteo-historical-forecast,,,,,false,2026-06-13T06:00,25.6,51,86,93,6.2,Kochi,2026-06-13T12:00,29.1,3,46,73,10.0,Kochi
2026-06-14,Kochi,COK,9.9312,76.2673,Sunday,true,29.3,24.4,27.1,35.0,30.1,4.8,2.2,12.0,15.4,32.4,327,81,open-meteo-historical-forecast,,,,,false,2026-06-14T06:00,24.6,51,88,96,4.4,Kochi,2026-06-14T12:00,27.7,3,38,83,10.1,Kochi
2026-06-15,Kochi,COK,9.9312,76.2673,Monday,false,29.9,26.1,28.0,35.4,32.0,5.2,2.2,22.0,16.5,35.6,320,95,open-meteo-historical-forecast,,,,,false,2026-06-15T06:00,26.3,51,96,97,4.3,Kochi,2026-06-15T12:00,28.9,51,83,80,14.0,Kochi
2026-06-16,Kochi,COK,9.9312,76.2673,Tuesday,false,29.8,24.1,27.0,36.7,28.5,10.3,6.3,14.0,14.0,32.0,332,95,open-meteo-historical-forecast,,,,,false,2026-06-16T06:00,24.3,51,88,97,11.7,Kochi,2026-06-16T12:00,29.7,3,8,77,11.1,Kochi
2026-06-17,Kochi,COK,9.9312,76.2673,Wednesday,false,29.4,24.5,27.2,35.8,29.4,5.2,2.7,10.0,13.1,32.4,343,80,open-meteo-historical-forecast,,,,,false,2026-06-17T06:00,24.8,51,88,97,6.0,Kochi,2026-06-17T12:00,28.7,51,57,75,6.7,Kochi
2026-06-18,Kochi,COK,9.9312,76.2673,Thursday,false,28.5,26.0,27.1,33.8,31.3,5.9,2.7,13.0,16.8,36.0,325,80,open-meteo-historical-forecast,,,,,false,2026-06-18T06:00,26.3,3,76,92,6.0,Kochi,2026-06-18T12:00,28.5,51,94,79,9.3,Kochi
2026-06-19,Kochi,COK,9.9312,76.2673,Friday,false,29.8,25.2,27.5,35.6,30.7,6.7,2.9,11.0,10.6,24.8,307,80,open-meteo-historical-forecast,,,,,false,2026-06-19T06:00,25.5,51,98,96,6.2,Kochi,2026-06-19T12:00,29.5,3,55,71,9.5,Kochi
2026-06-20,Kochi,COK,9.9312,76.2673,Saturday,true,30.7,25.5,28.0,37.8,28.7,6.4,1.1,4.0,19.4,35.6,255,95,open-meteo-historical-forecast,,,,,false,2026-06-20T06:00,25.9,3,4,96,5.9,Kochi,2026-06-20T12:00,30.7,3,7,65,5.4,Kochi
2026-06-21,Kochi,COK,9.9312,76.2673,Sunday,true,28.9,24.8,26.5,34.5,29.9,17.4,4.1,17.0,11.7,29.5,223,95,open-meteo-historical-forecast,,,,,false,2026-06-21T06:00,25.7,3,49,97,5.9,Kochi,2026-06-21T12:00,28.9,51,65,78,11.6,Kochi
2026-06-22,Kochi,COK,9.9312,76.2673,Monday,false,28.6,24.9,26.2,33.3,30.3,6.7,3.7,20.0,15.8,37.1,228,55,open-meteo-historical-forecast,,,,,false,2026-06-22T06:00,25.0,51,92,95,3.6,Kochi,2026-06-22T12:00,27.5,53,68,78,12.5,Kochi
2026-06-23,Kochi,COK,9.9312,76.2673,Tuesday,false,28.4,24.8,26.6,33.0,30.1,3.3,2.1,13.0,14.0,35.3,337,53,open-meteo-historical-forecast,,,,,false,2026-06-23T06:00,24.8,51,72,95,3.9,Kochi,2026-06-23T12:00,27.6,53,79,83,10.1,Kochi
2026-06-24,Kochi,COK,9.9312,76.2673,Wednesday,false,29.1,25.2,26.8,35.4,31.0,8.2,2.3,20.0,11.0,35.6,344,81,open-meteo-historical-forecast,,,,,false,2026-06-24T06:00,25.8,3,55,93,6.8,Kochi,2026-06-24T12:00,29.1,53,83,77,10.6,Kochi
2026-06-25,Kochi,COK,9.9312,76.2673,Thursday,false,30.0,25.2,27.7,37.4,30.7,0.7,0.3,5.0,15.0,29.9,298,51,open-meteo-historical-forecast,,,,,false,2026-06-25T06:00,25.2,51,59,96,6.0,Kochi,2026-06-25T12:00,29.9,1,17,72,8.7,Kochi
2026-06-26,Kochi,COK,9.9312,76.2673,Friday,false,29.3,25.6,27.2,35.6,30.4,7.3,2.8,13.0,13.1,32.4,321,80,open-meteo-historical-forecast,Muharram,public,National,python-holidays,true,2026-06-26T06:00,26.3,3,97,92,1.4,Kochi,2026-06-26T12:00,28.9,51,89,78,8.7,Kochi
2026-06-27,Kochi,COK,9.9312,76.2673,Saturday,true,29.5,24.8,27.4,35.8,30.0,6.8,2.9,18.0,15.3,36.0,303,80,open-meteo-historical-forecast,,,,,false,2026-06-27T06:00,24.8,80,90,96,1.5,Kochi,2026-06-27T12:00,29.5,51,53,74,11.2,Kochi
2026-06-28,Kochi,COK,9.9312,76.2673,Sunday,true,28.3,24.7,26.2,32.3,29.4,30.7,13.2,23.0,17.6,43.9,292,81,open-meteo-historical-forecast,,,,,false,2026-06-28T06:00,25.4,80,100,91,13.5,Kochi,2026-06-28T12:00,26.9,80,97,86,14.9,Kochi
2026-06-29,Kochi,COK,9.9312,76.2673,Monday,false,28.1,25.4,26.4,32.2,29.4,23.0,8.8,21.0,16.6,41.4,304,95,open-meteo-historical-forecast,,,,,false,2026-06-29T06:00,25.4,80,100,90,12.5,Kochi,2026-06-29T12:00,27.2,53,100,80,14.6,Kochi
2026-06-30,Kochi,COK,9.9312,76.2673,Tuesday,false,28.8,24.7,26.2,34.0,29.6,9.0,5.1,22.0,15.6,40.3,323,80,open-meteo-historical-forecast,,,,,false,2026-06-30T06:00,24.8,53,87,96,6.8,Kochi,2026-06-30T12:00,28.2,51,78,73,13.3,Kochi
2026-06-01,Delhi,DEL,28.7041,77.1025,Monday,false,33.7,24.4,29.3,35.2,27.9,1.4,0.7,3.0,15.2,40.3,94,53,open-meteo-historical-forecast,,,,,false,2026-06-01T06:00,25.7,1,5,80,4.2,Delhi,2026-06-01T12:00,33.3,53,18,34,12.8,Delhi
2026-06-02,Delhi,DEL,28.7041,77.1025,Tuesday,false,36.7,25.6,31.2,38.6,28.6,0.9,0.7,5.0,11.2,31.0,110,51,open-meteo-historical-forecast,,,,,false,2026-06-02T06:00,26.0,51,15,79,0.4,Delhi,2026-06-02T12:00,35.3,51,12,30,8.6,Delhi
2026-06-03,Delhi,DEL,28.7041,77.1025,Wednesday,false,38.4,28.5,33.8,41.0,33.2,0.1,0.1,1.0,9.4,27.0,27,51,open-meteo-historical-forecast,,,,,false,2026-06-03T06:00,29.4,0,0,63,4.8,Delhi,2026-06-03T12:00,37.5,1,2,30,7.4,Delhi
2026-06-04,Delhi,DEL,28.7041,77.1025,Thursday,false,39.6,26.0,32.9,42.3,29.5,0.9,0.4,5.0,17.8,48.2,176,51,open-meteo-historical-forecast,,,,,false,2026-06-04T06:00,30.5,1,1,50,7.3,Delhi,2026-06-04T12:00,39.6,1,11,21,0.4,Delhi
2026-06-05,Delhi,DEL,28.7041,77.1025,Friday,false,34.7,26.2,30.5,37.8,28.9,0.4,0.3,1.0,11.0,29.2,8,51,open-meteo-historical-forecast,,,,,false,2026-06-05T06:00,26.9,3,20,65,4.1,Delhi,2026-06-05T12:00,32.9,3,11,43,11.0,Delhi
2026-06-06,Delhi,DEL,28.7041,77.1025,Saturday,true,39.7,28.7,34.2,41.7,33.2,0.7,0.7,4.0,12.9,32.0,266,51,open-meteo-historical-forecast,,,,,false,2026-06-06T06:00,29.6,0,1,63,4.1,Delhi,2026-06-06T12:00,38.9,1,11,28,6.8,Delhi
2026-06-07,Delhi,DEL,28.7041,77.1025,Sunday,true,40.1,28.5,33.5,43.2,30.3,0.7,0.3,3.0,12.9,48.2,256,53,open-meteo-historical-forecast,,,,,false,2026-06-07T06:00,28.8,0,5,58,5.7,Delhi,2026-06-07T12:00,38.5,0,14,30,4.8,Delhi
2026-06-08,Delhi,DEL,28.7041,77.1025,Monday,false,41.5,29.4,35.4,42.1,31.1,0.0,0.0,0.0,14.4,34.9,277,1,open-meteo-historical-forecast,,,,,false,2026-06-08T06:00,29.9,0,0,58,9.6,Delhi,2026-06-08T12:00,40.4,1,0,22,11.3,Delhi
2026-06-09,Delhi,DEL,28.7041,77.1025,Tuesday,false,42.7,29.6,36.4,43.0,30.9,0.0,0.0,0.0,18.7,41.8,268,1,open-meteo-historical-forecast,,,,,false,2026-06-09T06:00,30.9,0,0,49,9.4,Delhi,2026-06-09T12:00,42.1,0,0,16,12.2,Delhi
2026-06-10,Delhi,DEL,28.7041,77.1025,Wednesday,false,43.2,31.9,37.4,43.8,31.9,0.2,0.1,2.0,18.5,43.9,261,51,open-meteo-historical-forecast,,,,,false,2026-06-10T06:00,32.2,0,5,38,11.1,Delhi,2026-06-10T12:00,41.9,0,6,22,13.9,Delhi
2026-06-11,Delhi,DEL,28.7041,77.1025,Thursday,false,37.6,26.3,34.1,41.4,30.3,0.1,0.1,1.0,20.2,43.6,124,51,open-meteo-historical-forecast,,,,,false,2026-06-11T06:00,31.9,2,14,48,11.2,Delhi,2026-06-11T12:00,35.2,0,0,46,17.2,Delhi
2026-06-12,Delhi,DEL,28.7041,77.1025,Friday,false,32.9,23.4,28.0,36.1,25.4,5.8,5.4,10.0,19.9,43.9,103,61,open-meteo-historical-forecast,,,,,false,2026-06-12T06:00,23.4,61,84,93,19.9,Delhi,2026-06-12T12:00,32.1,0,18,53,16.7,Delhi
2026-06-13,Delhi,DEL,28.7041,77.1025,Saturday,true,35.0,25.2,29.8,39.1,28.3,0.2,0.2,2.0,16.3,34.6,61,51,open-meteo-historical-forecast,,,,,false,2026-06-13T06:00,25.2,2,11,81,6.8,Delhi,2026-06-13T12:00,32.4,0,6,44,1.7,Delhi
2026-06-14,Delhi,DEL,28.7041,77.1025,Sunday,true,38.4,26.6,33.0,41.2,30.1,0.2,0.2,2.0,12.2,32.0,300,51,open-meteo-historical-forecast,,,,,false,2026-06-14T06:00,28.0,0,0,77,4.9,Delhi,2026-06-14T12:00,38.4,0,7,28,9.0,Delhi
2026-06-15,Delhi,DEL,28.7041,77.1025,Monday,false,37.5,27.6,31.5,40.1,29.7,1.4,1.1,3.0,29.0,65.2,288,53,open-meteo-historical-forecast,,,,,false,2026-06-15T06:00,29.2,3,8,53,7.3,Delhi,2026-06-15T12:00,36.9,1,25,35,12.3,Delhi
2026-06-16,Delhi,DEL,28.7041,77.1025,Tuesday,false,33.0,25.6,28.7,36.5,28.7,0.0,0.0,0.0,15.0,33.1,249,3,open-meteo-historical-forecast,,,,,false,2026-06-16T06:00,27.3,2,22,69,0.4,Delhi,2026-06-16T12:00,29.0,3,14,59,5.9,Delhi
2026-06-17,Delhi,DEL,28.7041,77.1025,Wednesday,false,37.0,24.8,31.4,40.3,28.2,0.0,0.0,0.0,9.2,24.5,287,3,open-meteo-historical-forecast,,,,,false,2026-06-17T06:00,26.0,0,1,77,4.7,Delhi,2026-06-17T12:00,35.9,0,0,35,3.6,Delhi
2026-06-18,Delhi,DEL,28.7041,77.1025,Thursday,false,38.7,28.7,33.8,41.9,33.3,0.0,0.0,0.0,15.1,37.4,295,3,open-meteo-historical-forecast,,,,,false,2026-06-18T06:00,29.5,0,0,66,4.7,Delhi,2026-06-18T12:00,38.3,0,1,31,8.7,Delhi
2026-06-19,Delhi,DEL,28.7041,77.1025,Friday,false,37.4,27.3,32.8,40.9,30.2,0.0,0.0,0.0,13.2,33.1,289,3,open-meteo-historical-forecast,,,,,false,2026-06-19T06:00,27.5,1,0,65,7.6,Delhi,2026-06-19T12:00,36.5,0,5,38,9.0,Delhi
2026-06-20,Delhi,DEL,28.7041,77.1025,Saturday,true,38.9,29.2,33.8,41.1,31.7,0.0,0.0,0.0,15.4,42.5,279,2,open-meteo-historical-forecast,,,,,false,2026-06-20T06:00,29.6,0,0,60,5.5,Delhi,2026-06-20T12:00,37.8,0,3,33,14.8,Delhi
2026-06-21,Delhi,DEL,28.7041,77.1025,Sunday,true,38.6,28.7,33.7,40.2,31.0,0.0,0.0,0.0,12.1,31.3,272,3,open-meteo-historical-forecast,,,,,false,2026-06-21T06:00,29.4,3,2,57,4.3,Delhi,2026-06-21T12:00,35.9,3,1,36,9.4,Delhi
2026-06-22,Delhi,DEL,28.7041,77.1025,Monday,false,36.4,28.0,32.5,38.9,30.3,0.4,0.2,2.0,14.3,36.0,295,51,open-meteo-historical-forecast,,,,,false,2026-06-22T06:00,28.1,1,0,62,11.1,Delhi,2026-06-22T12:00,36.0,3,3,37,12.3,Delhi
2026-06-23,Delhi,DEL,28.7041,77.1025,Tuesday,false,38.1,29.4,32.9,41.1,32.0,1.0,0.5,2.0,13.4,41.8,285,53,open-meteo-historical-forecast,,,,,false,2026-06-23T06:00,29.7,0,0,59,3.2,Delhi,2026-06-23T12:00,35.3,51,22,38,9.7,Delhi
2026-06-24,Delhi,DEL,28.7041,77.1025,Wednesday,false,37.9,28.4,32.8,40.4,32.0,0.3,0.3,3.0,12.2,31.0,239,51,open-meteo-historical-forecast,,,,,false,2026-06-24T06:00,29.3,3,4,62,8.3,Delhi,2026-06-24T12:00,35.1,2,5,37,11.5,Delhi
2026-06-25,Delhi,DEL,28.7041,77.1025,Thursday,false,38.2,28.8,33.7,42.4,32.3,1.9,1.2,2.0,11.4,26.3,273,80,open-meteo-historical-forecast,,,,,false,2026-06-25T06:00,31.2,1,9,57,5.4,Delhi,2026-06-25T12:00,37.4,0,7,33,4.4,Delhi
2026-06-26,Delhi,DEL,28.7041,77.1025,Friday,false,40.4,30.5,35.2,44.1,34.5,0.1,0.0,1.0,16.8,37.4,263,51,open-meteo-historical-forecast,Muharram,public,National,python-holidays,true,2026-06-26T06:00,30.8,0,0,62,4.1,Delhi,2026-06-26T12:00,39.9,0,7,30,6.4,Delhi
2026-06-27,Delhi,DEL,28.7041,77.1025,Saturday,true,40.5,29.9,35.8,44.1,33.3,0.4,0.3,2.0,12.8,33.8,282,51,open-meteo-historical-forecast,,,,,false,2026-06-27T06:00,30.9,1,22,56,7.7,Delhi,2026-06-27T12:00,39.8,0,0,30,6.9,Delhi
2026-06-28,Delhi,DEL,28.7041,77.1025,Sunday,true,40.9,31.3,36.4,44.9,34.6,0.5,0.5,3.0,13.9,37.1,276,51,open-meteo-historical-forecast,,,,,false,2026-06-28T06:00,32.0,51,8,58,10.3,Delhi,2026-06-28T12:00,40.4,0,17,31,8.3,Delhi
2026-06-29,Delhi,DEL,28.7041,77.1025,Monday,false,40.8,32.7,37.2,44.7,36.0,0.1,0.0,1.0,14.7,39.6,276,51,open-meteo-historical-forecast,,,,,false,2026-06-29T06:00,32.7,0,4,56,12.9,Delhi,2026-06-29T12:00,40.3,0,9,32,12.1,Delhi
2026-06-30,Delhi,DEL,28.7041,77.1025,Tuesday,false,40.0,32.5,35.4,43.7,36.3,1.0,0.4,2.0,15.1,35.3,214,95,open-meteo-historical-forecast,,,,,false,2026-06-30T06:00,34.4,3,5,42,11.3,Delhi,2026-06-30T12:00,38.1,3,19,38,11.8,Delhi
2026-06-01,Hyderabad,HYD,17.385,78.4867,Monday,false,35.8,27.4,32.1,37.1,28.4,0.0,0.0,0.0,10.6,28.4,299,1,open-meteo-historical-forecast,,,,,false,2026-06-01T06:00,28.2,0,0,47,10.3,Hyderabad,2026-06-01T12:00,35.4,1,8,28,7.4,Hyderabad
2026-06-02,Hyderabad,HYD,17.385,78.4867,Tuesday,false,35.5,27.7,31.9,38.5,29.5,0.6,0.5,3.0,9.9,29.5,272,51,open-meteo-historical-forecast,,,,,false,2026-06-02T06:00,28.2,2,13,56,5.8,Hyderabad,2026-06-02T12:00,34.1,51,9,37,7.9,Hyderabad
2026-06-03,Hyderabad,HYD,17.385,78.4867,Wednesday,false,34.4,26.8,30.9,37.2,29.1,0.2,0.2,2.0,13.0,36.0,277,51,open-meteo-historical-forecast,,,,,false,2026-06-03T06:00,26.8,0,4,63,8.5,Hyderabad,2026-06-03T12:00,33.2,1,11,43,11.4,Hyderabad
2026-06-04,Hyderabad,HYD,17.385,78.4867,Thursday,false,35.0,26.9,30.7,37.0,28.7,0.9,0.6,4.0,15.0,37.1,273,51,open-meteo-historical-forecast,,,,,false,2026-06-04T06:00,27.2,1,0,64,15.0,Hyderabad,2026-06-04T12:00,34.0,51,23,38,12.0,Hyderabad
2026-06-05,Hyderabad,HYD,17.385,78.4867,Friday,false,33.5,25.3,29.6,36.4,28.1,0.1,0.1,1.0,16.7,37.8,272,51,open-meteo-historical-forecast,,,,,false,2026-06-05T06:00,26.3,51,12,76,14.2,Hyderabad,2026-06-05T12:00,31.0,2,10,55,12.1,Hyderabad
2026-06-06,Hyderabad,HYD,17.385,78.4867,Saturday,true,35.2,23.7,30.0,38.5,26.1,7.8,4.6,8.0,16.7,37.8,303,81,open-meteo-historical-forecast,,,,,false,2026-06-06T06:00,26.6,2,48,70,9.9,Hyderabad,2026-06-06T12:00,33.7,51,2,42,9.2,Hyderabad
2026-06-07,Hyderabad,HYD,17.385,78.4867,Sunday,true,35.0,24.8,29.5,39.0,28.8,0.8,0.5,3.0,18.6,44.6,273,53,open-meteo-historical-forecast,,,,,false,2026-06-07T06:00,25.2,53,12,91,10.3,Hyderabad,2026-06-07T12:00,33.2,51,3,48,8.6,Hyderabad
2026-06-08,Hyderabad,HYD,17.385,78.4867,Monday,false,31.6,24.9,28.2,35.8,28.1,0.3,0.3,2.0,14.6,32.0,268,51,open-meteo-historical-forecast,,,,,false,2026-06-08T06:00,25.0,3,42,80,7.3,Hyderabad,2026-06-08T12:00,30.8,51,19,55,10.5,Hyderabad
2026-06-09,Hyderabad,HYD,17.385,78.4867,Tuesday,false,32.2,25.6,27.9,36.0,28.6,1.3,0.6,3.0,16.1,39.6,268,55,open-meteo-historical-forecast,,,,,false,2026-06-09T06:00,25.6,3,24,81,11.1,Hyderabad,2026-06-09T12:00,30.4,3,19,60,13.4,Hyderabad
2026-06-10,Hyderabad,HYD,17.385,78.4867,Wednesday,false,34.0,25.0,28.9,38.2,27.3,1.0,0.8,3.0,16.1,52.2,275,53,open-meteo-historical-forecast,,,,,false,2026-06-10T06:00,25.9,2,6,78,15.4,Hyderabad,2026-06-10T12:00,32.7,1,0,50,13.2,Hyderabad
2026-06-11,Hyderabad,HYD,17.385,78.4867,Thursday,false,34.5,25.8,29.8,38.9,28.2,0.0,0.0,0.0,15.5,36.7,253,2,open-meteo-historical-forecast,,,,,false,2026-06-11T06:00,25.9,0,0,72,6.4,Hyderabad,2026-06-11T12:00,32.8,0,0,50,8.4,Hyderabad
2026-06-12,Hyderabad,HYD,17.385,78.4867,Friday,false,34.1,25.9,30.1,36.9,27.9,0.0,0.0,0.0,13.2,33.8,254,3,open-meteo-historical-forecast,,,,,false,2026-06-12T06:00,26.2,0,0,75,9.3,Hyderabad,2026-06-12T12:00,31.8,3,0,51,10.7,Hyderabad
2026-06-13,Hyderabad,HYD,17.385,78.4867,Saturday,true,32.9,24.5,28.3,36.5,27.4,2.8,1.8,7.0,14.1,38.2,254,55,open-meteo-historical-forecast,,,,,false,2026-06-13T06:00,24.5,51,25,82,10.0,Hyderabad,2026-06-13T12:00,31.6,3,0,56,11.9,Hyderabad
2026-06-14,Hyderabad,HYD,17.385,78.4867,Sunday,true,33.0,25.7,28.8,36.5,27.2,0.7,0.7,4.0,16.0,40.3,270,51,open-meteo-historical-forecast,,,,,false,2026-06-14T06:00,26.0,3,9,69,15.7,Hyderabad,2026-06-14T12:00,31.5,1,0,55,12.3,Hyderabad
2026-06-15,Hyderabad,HYD,17.385,78.4867,Monday,false,34.0,26.4,30.2,37.2,27.6,0.0,0.0,0.0,15.7,40.3,294,3,open-meteo-historical-forecast,,,,,false,2026-06-15T06:00,26.4,2,0,65,11.6,Hyderabad,2026-06-15T12:00,33.0,1,3,47,13.5,Hyderabad
2026-06-16,Hyderabad,HYD,17.385,78.4867,Tuesday,false,35.2,26.9,31.2,37.2,27.5,0.0,0.0,0.0,14.8,39.2,299,3,open-meteo-historical-forecast,,,,,false,2026-06-16T06:00,27.1,2,0,56,13.0,Hyderabad,2026-06-16T12:00,33.7,2,1,42,11.8,Hyderabad
2026-06-17,Hyderabad,HYD,17.385,78.4867,Wednesday,false,36.2,27.3,31.6,38.4,28.0,1.2,0.5,2.0,15.8,39.2,291,55,open-meteo-historical-forecast,,,,,false,2026-06-17T06:00,27.3,2,0,49,8.5,Hyderabad,2026-06-17T12:00,35.6,1,6,32,10.6,Hyderabad
2026-06-18,Hyderabad,HYD,17.385,78.4867,Thursday,false,35.2,27.3,31.7,37.8,29.3,0.2,0.1,2.0,13.7,37.8,305,51,open-meteo-historical-forecast,,,,,false,2026-06-18T06:00,28.0,0,0,55,11.4,Hyderabad,2026-06-18T12:00,34.5,51,9,38,13.2,Hyderabad
2026-06-19,Hyderabad,HYD,17.385,78.4867,Friday,false,34.9,26.1,31.4,38.9,28.7,0.2,0.2,2.0,14.6,37.4,268,51,open-meteo-historical-forecast,,,,,false,2026-06-19T06:00,26.1,3,6,73,9.2,Hyderabad,2026-06-19T12:00,33.9,3,3,41,8.9,Hyderabad
2026-06-20,Hyderabad,HYD,17.385,78.4867,Saturday,true,36.9,26.9,31.9,40.4,29.8,1.1,0.9,5.0,15.3,39.6,287,53,open-meteo-historical-forecast,,,,,false,2026-06-20T06:00,28.3,3,8,52,8.0,Hyderabad,2026-06-20T12:00,36.1,1,5,34,9.3,Hyderabad
2026-06-21,Hyderabad,HYD,17.385,78.4867,Sunday,true,32.6,25.9,29.1,36.9,28.5,2.3,2.3,3.0,12.1,31.3,260,61,open-meteo-historical-forecast,,,,,false,2026-06-21T06:00,26.5,3,63,67,12.1,Hyderabad,2026-06-21T12:00,31.7,3,16,51,4.6,Hyderabad
2026-06-22,Hyderabad,HYD,17.385,78.4867,Monday,false,33.2,26.6,30.0,37.4,28.9,0.0,0.0,0.0,14.2,36.7,237,3,open-meteo-historical-forecast,,,,,false,2026-06-22T06:00,26.6,1,12,72,13.7,Hyderabad,2026-06-22T12:00,33.0,2,3,48,11.0,Hyderabad
2026-06-23,Hyderabad,HYD,17.385,78.4867,Tuesday,false,31.9,23.6,28.4,34.9,26.5,2.7,2.4,8.0,18.8,45.0,253,55,open-meteo-historical-forecast,,,,,false,2026-06-23T06:00,25.5,3,40,75,15.3,Hyderabad,2026-06-23T12:00,29.8,51,6,58,15.2,Hyderabad
2026-06-24,Hyderabad,HYD,17.385,78.4867,Wednesday,false,31.0,24.6,27.5,33.5,26.4,0.4,0.4,4.0,18.6,45.7,261,51,open-meteo-historical-forecast,,,,,false,2026-06-24T06:00,24.7,3,10,75,12.7,Hyderabad,2026-06-24T12:00,29.5,51,7,52,17.0,Hyderabad
2026-06-25,Hyderabad,HYD,17.385,78.4867,Thursday,false,30.5,23.8,27.0,33.2,26.1,1.8,1.6,6.0,17.2,43.6,279,53,open-meteo-historical-forecast,,,,,false,2026-06-25T06:00,24.0,1,20,81,12.3,Hyderabad,2026-06-25T12:00,29.9,51,40,53,17.2,Hyderabad
2026-06-26,Hyderabad,HYD,17.385,78.4867,Friday,false,30.8,24.4,27.3,33.3,27.4,1.2,0.6,4.0,14.7,38.9,290,51,open-meteo-historical-forecast,Muharram,public,National,python-holidays,true,2026-06-26T06:00,24.4,3,19,86,11.6,Hyderabad,2026-06-26T12:00,28.8,51,66,62,14.7,Hyderabad
2026-06-27,Hyderabad,HYD,17.385,78.4867,Saturday,true,28.7,24.1,26.6,32.5,28.3,4.2,1.7,11.0,13.8,35.6,285,80,open-meteo-historical-forecast,,,,,false,2026-06-27T06:00,25.2,2,16,84,8.4,Hyderabad,2026-06-27T12:00,28.1,51,78,69,11.5,Hyderabad
2026-06-28,Hyderabad,HYD,17.385,78.4867,Sunday,true,32.6,23.2,26.9,38.7,26.2,14.6,5.3,13.0,17.3,41.4,263,95,open-meteo-historical-forecast,,,,,false,2026-06-28T06:00,24.7,3,53,88,8.8,Hyderabad,2026-06-28T12:00,31.8,3,27,58,7.6,Hyderabad
2026-06-29,Hyderabad,HYD,17.385,78.4867,Monday,false,29.6,24.3,26.7,34.0,27.9,0.9,0.8,5.0,14.8,31.3,254,51,open-meteo-historical-forecast,,,,,false,2026-06-29T06:00,24.3,3,1,90,10.4,Hyderabad,2026-06-29T12:00,28.4,3,56,66,9.6,Hyderabad
2026-06-30,Hyderabad,HYD,17.385,78.4867,Tuesday,false,29.8,23.8,26.7,31.9,25.9,1.8,1.3,4.0,19.8,47.9,270,53,open-meteo-historical-forecast,,,,,false,2026-06-30T06:00,24.1,3,6,86,16.3,Hyderabad,2026-06-30T12:00,29.1,3,17,60,19.0,Hyderabad
2026-06-01,Indore,IDR,22.7196,75.8577,Monday,false,36.6,22.5,30.0,40.1,24.8,6.9,2.7,9.0,14.3,42.8,273,95,open-meteo-historical-forecast,,,,,false,2026-06-01T06:00,26.7,0,3,71,11.1,Indore,2026-06-01T12:00,34.8,51,35,41,10.4,Indore
2026-06-02,Indore,IDR,22.7196,75.8577,Tuesday,false,36.5,23.0,29.2,38.9,25.2,0.3,0.3,3.0,13.5,36.0,268,51,open-meteo-historical-forecast,,,,,false,2026-06-02T06:00,24.3,1,13,79,8.5,Indore,2026-06-02T12:00,34.2,51,2,30,5.0,Indore
2026-06-03,Indore,IDR,22.7196,75.8577,Wednesday,false,35.8,25.8,30.9,40.5,29.1,0.4,0.2,2.0,15.9,39.2,267,51,open-meteo-historical-forecast,,,,,false,2026-06-03T06:00,26.2,0,0,75,7.1,Indore,2026-06-03T12:00,35.1,0,11,38,3.3,Indore
2026-06-04,Indore,IDR,22.7196,75.8577,Thursday,false,36.8,26.0,30.9,39.5,29.1,0.7,0.5,3.0,14.4,45.0,265,51,open-meteo-historical-forecast,,,,,false,2026-06-04T06:00,26.1,0,0,74,8.3,Indore,2026-06-04T12:00,34.6,0,3,42,10.6,Indore
2026-06-05,Indore,IDR,22.7196,75.8577,Friday,false,34.7,21.7,27.8,37.0,24.5,6.9,4.0,12.0,17.0,45.7,267,95,open-meteo-historical-forecast,,,,,false,2026-06-05T06:00,22.4,95,64,92,3.1,Indore,2026-06-05T12:00,28.6,0,59,61,10.8,Indore
2026-06-06,Indore,IDR,22.7196,75.8577,Saturday,true,35.8,25.6,30.8,39.7,29.5,0.7,0.3,5.0,12.7,33.8,284,51,open-meteo-historical-forecast,,,,,false,2026-06-06T06:00,26.0,0,0,85,9.0,Indore,2026-06-06T12:00,34.1,51,38,50,7.6,Indore
2026-06-07,Indore,IDR,22.7196,75.8577,Sunday,true,35.8,25.9,31.3,39.6,28.9,0.3,0.2,3.0,13.7,34.9,278,51,open-meteo-historical-forecast,,,,,false,2026-06-07T06:00,26.0,0,2,76,5.1,Indore,2026-06-07T12:00,34.8,51,13,46,10.4,Indore
2026-06-08,Indore,IDR,22.7196,75.8577,Monday,false,37.3,26.3,31.9,40.1,28.9,0.8,0.7,4.0,17.8,44.3,274,51,open-meteo-historical-forecast,,,,,false,2026-06-08T06:00,26.6,0,0,78,12.5,Indore,2026-06-08T12:00,36.1,2,12,40,12.6,Indore
2026-06-09,Indore,IDR,22.7196,75.8577,Tuesday,false,38.4,25.9,32.2,40.3,28.6,0.0,0.0,0.0,21.1,50.8,264,1,open-meteo-historical-forecast,,,,,false,2026-06-09T06:00,26.2,0,0,83,15.8,Indore,2026-06-09T12:00,36.5,1,0,37,14.0,Indore
2026-06-10,Indore,IDR,22.7196,75.8577,Wednesday,false,37.8,26.2,32.1,39.6,28.7,0.0,0.0,0.0,18.8,47.5,258,1,open-meteo-historical-forecast,,,,,false,2026-06-10T06:00,26.5,0,0,81,15.4,Indore,2026-06-10T12:00,35.9,0,1,37,16.5,Indore
2026-06-11,Indore,IDR,22.7196,75.8577,Thursday,false,37.6,26.2,32.0,40.1,29.0,0.0,0.0,0.0,19.3,46.8,252,2,open-meteo-historical-forecast,,,,,false,2026-06-11T06:00,26.3,1,0,80,17.7,Indore,2026-06-11T12:00,35.3,1,0,40,15.7,Indore
2026-06-12,Indore,IDR,22.7196,75.8577,Friday,false,38.3,26.7,32.2,40.8,30.3,0.0,0.0,0.0,18.3,44.6,255,3,open-meteo-historical-forecast,,,,,false,2026-06-12T06:00,26.8,1,0,79,13.0,Indore,2026-06-12T12:00,35.5,1,5,42,10.7,Indore
2026-06-13,Indore,IDR,22.7196,75.8577,Saturday,true,37.7,26.8,32.3,39.5,29.8,0.2,0.2,2.0,18.7,46.1,273,51,open-meteo-historical-forecast,,,,,false,2026-06-13T06:00,27.2,3,6,75,16.6,Indore,2026-06-13T12:00,36.0,0,3,36,13.2,Indore
2026-06-14,Indore,IDR,22.7196,75.8577,Sunday,true,36.6,21.9,29.8,38.7,25.0,2.8,1.8,4.0,22.3,52.2,282,80,open-meteo-historical-forecast,,,,,false,2026-06-14T06:00,23.3,1,52,84,4.9,Indore,2026-06-14T12:00,34.7,1,9,43,15.2,Indore
2026-06-15,Indore,IDR,22.7196,75.8577,Monday,false,35.1,26.2,30.2,36.3,28.7,2.4,1.4,8.0,20.8,52.6,272,55,open-meteo-historical-forecast,,,,,false,2026-06-15T06:00,26.2,0,9,80,15.7,Indore,2026-06-15T12:00,34.8,51,37,35,10.7,Indore
2026-06-16,Indore,IDR,22.7196,75.8577,Tuesday,false,36.4,26.2,31.5,39.1,29.0,2.1,0.2,2.0,16.8,40.7,275,80,open-meteo-historical-forecast,,,,,false,2026-06-16T06:00,26.5,1,1,78,15.0,Indore,2026-06-16T12:00,34.9,53,14,40,8.4,Indore
2026-06-17,Indore,IDR,22.7196,75.8577,Wednesday,false,35.4,26.4,30.5,38.8,29.2,1.5,0.9,5.0,20.5,51.1,277,53,open-meteo-historical-forecast,,,,,false,2026-06-17T06:00,26.5,1,0,76,12.6,Indore,2026-06-17T12:00,34.6,51,40,42,9.6,Indore
2026-06-18,Indore,IDR,22.7196,75.8577,Thursday,false,35.2,25.6,30.2,38.2,27.5,0.0,0.0,0.0,19.1,44.6,265,3,open-meteo-historical-forecast,,,,,false,2026-06-18T06:00,25.9,0,0,77,13.9,Indore,2026-06-18T12:00,34.4,1,16,40,9.2,Indore
2026-06-19,Indore,IDR,22.7196,75.8577,Friday,false,33.8,25.5,29.5,35.7,28.1,0.0,0.0,0.0,21.2,50.8,272,1,open-meteo-historical-forecast,,,,,false,2026-06-19T06:00,25.6,0,0,79,12.3,Indore,2026-06-19T12:00,32.7,1,31,42,16.1,Indore
2026-06-20,Indore,IDR,22.7196,75.8577,Saturday,true,33.9,25.7,29.6,37.4,27.2,0.8,0.6,3.0,14.5,39.6,284,53,open-meteo-historical-forecast,,,,,false,2026-06-20T06:00,25.7,0,11,71,10.6,Indore,2026-06-20T12:00,31.7,53,64,52,7.4,Indore
2026-06-21,Indore,IDR,22.7196,75.8577,Sunday,true,34.2,26.1,30.2,38.2,28.5,0.5,0.3,3.0,14.5,37.1,278,51,open-meteo-historical-forecast,,,,,false,2026-06-21T06:00,26.1,3,1,77,14.0,Indore,2026-06-21T12:00,33.5,1,2,46,11.3,Indore
2026-06-22,Indore,IDR,22.7196,75.8577,Monday,false,32.8,25.3,29.1,36.4,28.8,4.1,2.2,3.0,14.0,52.2,274,81,open-meteo-historical-forecast,,,,,false,2026-06-22T06:00,26.6,0,0,68,11.2,Indore,2026-06-22T12:00,32.8,51,45,47,14.0,Indore
2026-06-23,Indore,IDR,22.7196,75.8577,Tuesday,false,31.6,23.4,26.9,36.9,26.0,16.1,6.8,9.0,19.2,49.3,218,95,open-meteo-historical-forecast,,,,,false,2026-06-23T06:00,23.9,53,33,94,4.6,Indore,2026-06-23T12:00,25.4,80,83,87,8.6,Indore
2026-06-24,Indore,IDR,22.7196,75.8577,Wednesday,false,31.6,23.6,25.9,37.9,26.9,20.3,10.4,15.0,13.2,45.0,243,95,open-meteo-historical-forecast,,,,,false,2026-06-24T06:00,24.9,3,22,88,9.4,Indore,2026-06-24T12:00,31.3,51,78,59,6.8,Indore
2026-06-25,Indore,IDR,22.7196,75.8577,Thursday,false,31.6,23.5,26.8,35.3,26.7,1.2,0.8,4.0,16.2,38.9,270,53,open-meteo-historical-forecast,,,,,false,2026-06-25T06:00,24.1,3,15,91,10.1,Indore,2026-06-25T12:00,30.7,3,25,57,9.4,Indore
2026-06-26,Indore,IDR,22.7196,75.8577,Friday,false,32.1,25.0,27.6,37.2,28.5,6.6,2.5,8.0,15.5,43.2,294,95,open-meteo-historical-forecast,Muharram,public,National,python-holidays,true,2026-06-26T06:00,25.1,0,15,83,8.0,Indore,2026-06-26T12:00,32.1,51,50,54,9.5,Indore
2026-06-27,Indore,IDR,22.7196,75.8577,Saturday,true,33.3,24.8,27.6,39.0,28.6,18.7,5.9,10.0,13.7,31.7,283,96,open-meteo-historical-forecast,,,,,false,2026-06-27T06:00,25.3,0,0,83,10.4,Indore,2026-06-27T12:00,33.0,1,31,51,9.3,Indore
2026-06-28,Indore,IDR,22.7196,75.8577,Sunday,true,30.7,24.2,27.5,35.3,28.2,4.4,3.3,9.0,13.0,34.6,275,95,open-meteo-historical-forecast,,,,,false,2026-06-28T06:00,24.5,51,60,92,9.6,Indore,2026-06-28T12:00,30.0,95,50,65,10.9,Indore
2026-06-29,Indore,IDR,22.7196,75.8577,Monday,false,31.5,23.9,26.5,36.4,26.9,17.2,5.1,14.0,14.8,35.6,253,96,open-meteo-historical-forecast,,,,,false,2026-06-29T06:00,23.9,51,24,91,13.0,Indore,2026-06-29T12:00,30.7,95,42,67,8.2,Indore
2026-06-30,Indore,IDR,22.7196,75.8577,Tuesday,false,30.9,24.7,26.4,35.1,28.0,4.5,2.8,8.0,18.6,44.6,249,80,open-meteo-historical-forecast,,,,,false,2026-06-30T06:00,25.1,2,10,86,13.7,Indore,2026-06-30T12:00,29.9,51,37,67,9.9,Indore
2026-06-01,Chandigarh,IXC,30.7333,76.7794,Monday,false,31.7,23.2,27.6,33.7,26.3,0.1,0.1,1.0,17.9,43.6,126,51,open-meteo-historical-forecast,,,,,false,2026-06-01T06:00,24.9,3,23,73,4.8,Chandigarh,2026-06-01T12:00,29.5,51,9,46,17.9,Chandigarh
2026-06-02,Chandigarh,IXC,30.7333,76.7794,Tuesday,false,34.2,23.9,29.4,37.4,27.2,0.6,0.5,3.0,11.7,26.3,95,51,open-meteo-historical-forecast,,,,,false,2026-06-02T06:00,26.0,0,0,69,4.9,Chandigarh,2026-06-02T12:00,33.7,51,10,36,3.2,Chandigarh
2026-06-03,Chandigarh,IXC,30.7333,76.7794,Wednesday,false,35.6,24.9,30.5,38.6,27.9,0.3,0.2,3.0,10.4,28.1,345,51,open-meteo-historical-forecast,,,,,false,2026-06-03T06:00,27.7,0,8,57,7.8,Chandigarh,2026-06-03T12:00,35.4,0,8,33,9.9,Chandigarh
2026-06-04,Chandigarh,IXC,30.7333,76.7794,Thursday,false,36.7,23.1,29.5,38.8,25.1,5.7,3.3,8.0,21.3,49.3,92,81,open-meteo-historical-forecast,,,,,false,2026-06-04T06:00,26.9,0,0,65,6.2,Chandigarh,2026-06-04T12:00,36.5,1,10,29,10.5,Chandigarh
2026-06-05,Chandigarh,IXC,30.7333,76.7794,Friday,false,33.8,24.0,28.8,36.9,25.9,0.0,0.0,0.0,11.7,27.0,101,3,open-meteo-historical-forecast,,,,,false,2026-06-05T06:00,25.0,3,11,77,4.5,Chandigarh,2026-06-05T12:00,33.6,1,15,37,5.0,Chandigarh
2026-06-06,Chandigarh,IXC,30.7333,76.7794,Saturday,true,36.0,24.4,30.3,37.1,27.2,0.0,0.0,0.0,12.9,31.3,320,1,open-meteo-historical-forecast,,,,,false,2026-06-06T06:00,26.2,0,0,66,5.5,Chandigarh,2026-06-06T12:00,35.4,0,4,29,9.6,Chandigarh
2026-06-07,Chandigarh,IXC,30.7333,76.7794,Sunday,true,36.8,23.4,30.6,40.0,23.8,0.0,0.0,0.0,11.4,25.9,28,1,open-meteo-historical-forecast,,,,,false,2026-06-07T06:00,25.5,0,0,61,2.6,Chandigarh,2026-06-07T12:00,35.5,1,6,37,6.6,Chandigarh
2026-06-08,Chandigarh,IXC,30.7333,76.7794,Monday,false,37.7,23.1,31.2,39.5,25.3,0.0,0.0,0.0,13.1,29.9,342,0,open-meteo-historical-forecast,,,,,false,2026-06-08T06:00,25.6,0,0,62,4.6,Chandigarh,2026-06-08T12:00,37.2,0,1,26,7.1,Chandigarh
2026-06-09,Chandigarh,IXC,30.7333,76.7794,Tuesday,false,38.8,23.9,32.2,40.2,25.7,0.0,0.0,0.0,15.1,33.8,326,1,open-meteo-historical-forecast,,,,,false,2026-06-09T06:00,25.5,0,0,59,4.9,Chandigarh,2026-06-09T12:00,38.3,1,0,24,10.1,Chandigarh
2026-06-10,Chandigarh,IXC,30.7333,76.7794,Wednesday,false,39.9,25.9,33.0,42.3,27.1,0.0,0.0,0.0,14.7,32.0,138,0,open-meteo-historical-forecast,,,,,false,2026-06-10T06:00,27.4,0,0,58,5.8,Chandigarh,2026-06-10T12:00,38.2,0,0,28,9.0,Chandigarh
2026-06-11,Chandigarh,IXC,30.7333,76.7794,Thursday,false,35.0,23.3,30.1,36.8,27.5,5.9,5.6,6.0,26.1,56.5,139,80,open-meteo-historical-forecast,,,,,false,2026-06-11T06:00,29.5,0,0,52,14.4,Chandigarh,2026-06-11T12:00,33.7,0,0,46,24.2,Chandigarh
2026-06-12,Chandigarh,IXC,30.7333,76.7794,Friday,false,31.6,22.3,27.2,33.9,22.9,3.5,2.0,8.0,25.7,54.4,143,53,open-meteo-historical-forecast,,,,,false,2026-06-12T06:00,26.4,0,7,62,21.3,Chandigarh,2026-06-12T12:00,28.5,51,62,62,19.6,Chandigarh
2026-06-13,Chandigarh,IXC,30.7333,76.7794,Saturday,true,31.2,22.0,26.6,34.6,22.6,3.8,3.2,6.0,21.6,49.7,109,80,open-meteo-historical-forecast,,,,,false,2026-06-13T06:00,24.9,1,52,72,8.0,Chandigarh,2026-06-13T12:00,31.2,2,88,46,8.4,Chandigarh
2026-06-14,Chandigarh,IXC,30.7333,76.7794,Sunday,true,33.8,21.8,28.3,37.8,24.5,0.0,0.0,0.0,8.3,21.6,325,1,open-meteo-historical-forecast,,,,,false,2026-06-14T06:00,24.6,0,0,75,1.7,Chandigarh,2026-06-14T12:00,32.6,0,0,47,3.7,Chandigarh
2026-06-15,Chandigarh,IXC,30.7333,76.7794,Monday,false,34.3,23.7,28.9,38.4,26.6,1.6,0.7,4.0,9.2,28.1,72,55,open-meteo-historical-forecast,,,,,false,2026-06-15T06:00,25.8,51,0,73,8.2,Chandigarh,2026-06-15T12:00,33.2,51,23,43,0.7,Chandigarh
2026-06-16,Chandigarh,IXC,30.7333,76.7794,Tuesday,false,34.1,23.4,28.5,38.1,26.3,0.8,0.6,3.0,18.7,36.0,254,51,open-meteo-historical-forecast,,,,,false,2026-06-16T06:00,24.9,1,5,72,6.0,Chandigarh,2026-06-16T12:00,33.7,0,4,40,4.4,Chandigarh
2026-06-17,Chandigarh,IXC,30.7333,76.7794,Wednesday,false,34.7,24.2,29.4,38.2,29.1,0.1,0.0,1.0,7.4,19.8,299,51,open-meteo-historical-forecast,,,,,false,2026-06-17T06:00,26.2,0,0,81,5.0,Chandigarh,2026-06-17T12:00,34.1,1,16,41,5.0,Chandigarh
2026-06-18,Chandigarh,IXC,30.7333,76.7794,Thursday,false,35.6,24.7,30.4,40.0,28.8,2.2,0.5,2.0,12.6,28.8,328,80,open-meteo-historical-forecast,,,,,false,2026-06-18T06:00,26.9,0,0,71,4.2,Chandigarh,2026-06-18T12:00,34.5,80,14,40,8.7,Chandigarh
2026-06-19,Chandigarh,IXC,30.7333,76.7794,Friday,false,35.0,25.5,30.2,39.0,29.5,0.0,0.0,0.0,13.3,29.5,323,3,open-meteo-historical-forecast,,,,,false,2026-06-19T06:00,26.9,1,1,74,2.6,Chandigarh,2026-06-19T12:00,34.0,0,9,43,6.7,Chandigarh
2026-06-20,Chandigarh,IXC,30.7333,76.7794,Saturday,true,36.1,26.1,31.4,38.6,29.0,0.0,0.0,0.0,15.9,35.3,317,3,open-meteo-historical-forecast,,,,,false,2026-06-20T06:00,27.2,0,0,72,8.4,Chandigarh,2026-06-20T12:00,35.7,0,2,36,12.2,Chandigarh
2026-06-21,Chandigarh,IXC,30.7333,76.7794,Sunday,true,37.4,27.0,32.1,38.7,28.4,0.0,0.0,0.0,18.0,39.6,321,3,open-meteo-historical-forecast,,,,,false,2026-06-21T06:00,28.3,0,0,59,9.4,Chandigarh,2026-06-21T12:00,37.1,1,7,29,14.7,Chandigarh
2026-06-22,Chandigarh,IXC,30.7333,76.7794,Monday,false,33.8,24.9,29.0,33.4,29.0,0.0,0.0,0.0,18.0,41.0,335,3,open-meteo-historical-forecast,,,,,false,2026-06-22T06:00,26.0,3,8,81,8.6,Chandigarh,2026-06-22T12:00,30.6,3,29,49,18.0,Chandigarh
2026-06-23,Chandigarh,IXC,30.7333,76.7794,Tuesday,false,36.3,25.5,30.9,37.8,27.7,0.5,0.4,3.0,14.2,34.6,321,51,open-meteo-historical-forecast,,,,,false,2026-06-23T06:00,26.3,0,0,65,5.5,Chandigarh,2026-06-23T12:00,35.7,0,0,30,10.5,Chandigarh
2026-06-24,Chandigarh,IXC,30.7333,76.7794,Wednesday,false,36.6,25.7,30.7,40.4,29.4,0.8,0.5,4.0,7.9,25.2,118,51,open-meteo-historical-forecast,,,,,false,2026-06-24T06:00,27.5,0,0,65,4.7,Chandigarh,2026-06-24T12:00,36.6,1,19,33,6.5,Chandigarh
2026-06-25,Chandigarh,IXC,30.7333,76.7794,Thursday,false,35.5,25.9,31.2,39.7,29.9,3.6,1.2,5.0,10.5,27.4,106,80,open-meteo-historical-forecast,,,,,false,2026-06-25T06:00,29.0,0,0,62,7.3,Chandigarh,2026-06-25T12:00,35.2,51,31,41,5.4,Chandigarh
2026-06-26,Chandigarh,IXC,30.7333,76.7794,Friday,false,37.2,26.9,32.3,41.5,31.9,0.3,0.2,1.0,8.8,22.3,321,51,open-meteo-historical-forecast,Muharram,public,National,python-holidays,true,2026-06-26T06:00,28.5,0,1,77,5.3,Chandigarh,2026-06-26T12:00,36.7,0,8,37,5.5,Chandigarh
2026-06-27,Chandigarh,IXC,30.7333,76.7794,Saturday,true,37.8,27.5,32.7,41.8,32.2,0.2,0.2,2.0,11.5,28.8,312,51,open-meteo-historical-forecast,,,,,false,2026-06-27T06:00,28.7,0,0,74,1.9,Chandigarh,2026-06-27T12:00,37.3,0,2,36,4.9,Chandigarh
2026-06-28,Chandigarh,IXC,30.7333,76.7794,Sunday,true,37.8,29.0,33.3,42.1,33.7,1.9,0.7,4.0,12.2,28.1,322,95,open-meteo-historical-forecast,,,,,false,2026-06-28T06:00,29.6,0,2,71,4.4,Chandigarh,2026-06-28T12:00,36.8,3,33,42,10.0,Chandigarh
2026-06-29,Chandigarh,IXC,30.7333,76.7794,Monday,false,35.6,25.9,31.6,40.6,30.8,7.0,2.9,9.0,13.4,34.2,64,96,open-meteo-historical-forecast,,,,,false,2026-06-29T06:00,25.9,96,58,91,8.9,Chandigarh,2026-06-29T12:00,35.5,3,33,48,5.5,Chandigarh
2026-06-30,Chandigarh,IXC,30.7333,76.7794,Tuesday,false,35.0,26.8,30.5,42.2,32.8,7.8,2.9,10.0,16.9,34.6,142,96,open-meteo-historical-forecast,,,,,false,2026-06-30T06:00,28.2,3,18,93,5.5,Chandigarh,2026-06-30T12:00,33.8,51,53,57,6.1,Chandigarh
2026-06-01,Jaipur,JAI,26.9124,75.7873,Monday,false,36.0,22.8,29.0,39.2,25.6,1.3,0.9,4.0,13.9,52.6,243,53,open-meteo-historical-forecast,,,,,false,2026-06-01T06:00,23.4,1,53,83,8.9,Jaipur,2026-06-01T12:00,34.5,1,13,39,7.0,Jaipur
2026-06-02,Jaipur,JAI,26.9124,75.7873,Tuesday,false,33.8,24.4,29.2,37.0,27.0,0.5,0.3,5.0,9.7,30.6,212,51,open-meteo-historical-forecast,,,,,false,2026-06-02T06:00,24.9,1,1,72,0.7,Jaipur,2026-06-02T12:00,31.9,0,15,44,7.3,Jaipur
2026-06-03,Jaipur,JAI,26.9124,75.7873,Wednesday,false,38.6,27.5,33.3,40.8,29.6,0.0,0.0,0.0,11.9,32.0,287,0,open-meteo-historical-forecast,,,,,false,2026-06-03T06:00,28.2,0,0,60,8.6,Jaipur,2026-06-03T12:00,37.7,0,0,28,7.0,Jaipur
2026-06-04,Jaipur,JAI,26.9124,75.7873,Thursday,false,38.0,27.2,32.5,39.1,28.9,0.5,0.4,2.0,17.2,45.0,248,51,open-meteo-historical-forecast,,,,,false,2026-06-04T06:00,28.9,0,0,47,11.4,Jaipur,2026-06-04T12:00,38.0,0,32,27,14.4,Jaipur
2026-06-05,Jaipur,JAI,26.9124,75.7873,Friday,false,34.9,21.9,29.0,38.4,24.3,1.8,1.8,2.0,14.5,34.9,214,61,open-meteo-historical-forecast,,,,,false,2026-06-05T06:00,21.9,61,29,96,14.5,Jaipur,2026-06-05T12:00,31.9,0,0,46,5.5,Jaipur
2026-06-06,Jaipur,JAI,26.9124,75.7873,Saturday,true,39.3,27.1,32.9,41.8,29.0,0.5,0.1,3.0,11.5,32.8,264,51,open-meteo-historical-forecast,,,,,false,2026-06-06T06:00,27.8,0,0,60,8.2,Jaipur,2026-06-06T12:00,38.1,1,3,30,9.6,Jaipur
2026-06-07,Jaipur,JAI,26.9124,75.7873,Sunday,true,38.6,26.5,32.8,42.4,28.4,0.1,0.0,1.0,12.0,32.0,268,51,open-meteo-historical-forecast,,,,,false,2026-06-07T06:00,27.3,0,0,62,9.6,Jaipur,2026-06-07T12:00,37.1,0,15,36,6.7,Jaipur
2026-06-08,Jaipur,JAI,26.9124,75.7873,Monday,false,40.4,28.6,34.6,41.2,30.3,0.0,0.0,0.0,16.3,43.2,271,1,open-meteo-historical-forecast,,,,,false,2026-06-08T06:00,29.1,0,0,56,9.5,Jaipur,2026-06-08T12:00,38.7,1,0,29,14.1,Jaipur
2026-06-09,Jaipur,JAI,26.9124,75.7873,Tuesday,false,41.0,31.0,35.8,41.9,33.2,0.0,0.0,0.0,17.8,44.3,269,1,open-meteo-historical-forecast,,,,,false,2026-06-09T06:00,31.2,0,0,55,15.3,Jaipur,2026-06-09T12:00,39.3,0,0,28,15.3,Jaipur
2026-06-10,Jaipur,JAI,26.9124,75.7873,Wednesday,false,40.9,30.2,35.5,42.4,32.8,0.0,0.0,0.0,20.4,49.7,250,1,open-meteo-historical-forecast,,,,,false,2026-06-10T06:00,30.5,0,0,58,12.9,Jaipur,2026-06-10T12:00,38.7,0,0,32,16.3,Jaipur
2026-06-11,Jaipur,JAI,26.9124,75.7873,Thursday,false,40.1,28.6,35.4,43.5,32.3,0.8,0.4,3.0,16.0,59.0,225,51,open-meteo-historical-forecast,,,,,false,2026-06-11T06:00,31.4,0,0,56,12.3,Jaipur,2026-06-11T12:00,38.7,51,0,35,9.6,Jaipur
2026-06-12,Jaipur,JAI,26.9124,75.7873,Friday,false,36.8,23.9,30.4,40.7,24.1,8.2,2.7,7.0,25.2,57.6,97,95,open-meteo-historical-forecast,,,,,false,2026-06-12T06:00,26.1,0,56,73,15.0,Jaipur,2026-06-12T12:00,34.7,0,0,47,10.6,Jaipur
2026-06-13,Jaipur,JAI,26.9124,75.7873,Saturday,true,33.8,23.4,28.6,37.4,27.3,0.0,0.0,0.0,10.8,28.4,148,3,open-meteo-historical-forecast,,,,,false,2026-06-13T06:00,23.7,0,1,83,3.2,Jaipur,2026-06-13T12:00,29.9,0,2,57,9.2,Jaipur
2026-06-14,Jaipur,JAI,26.9124,75.7873,Sunday,true,36.7,26.2,30.4,40.2,29.1,1.0,0.2,3.0,16.1,36.7,244,53,open-meteo-historical-forecast,,,,,false,2026-06-14T06:00,26.9,0,0,73,3.6,Jaipur,2026-06-14T12:00,35.1,0,5,43,8.3,Jaipur
2026-06-15,Jaipur,JAI,26.9124,75.7873,Monday,false,35.5,25.6,29.9,39.9,28.3,0.0,0.0,0.0,11.8,26.6,274,3,open-meteo-historical-forecast,,,,,false,2026-06-15T06:00,26.1,3,0,73,4.2,Jaipur,2026-06-15T12:00,34.5,0,16,41,6.7,Jaipur
2026-06-16,Jaipur,JAI,26.9124,75.7873,Tuesday,false,35.9,25.9,30.7,39.9,28.8,0.0,0.0,0.0,13.6,28.8,288,3,open-meteo-historical-forecast,,,,,false,2026-06-16T06:00,26.8,0,8,63,6.8,Jaipur,2026-06-16T12:00,34.0,0,18,44,4.9,Jaipur
2026-06-17,Jaipur,JAI,26.9124,75.7873,Wednesday,false,36.0,25.1,30.6,39.5,28.7,1.2,0.5,2.0,10.8,25.6,281,55,open-meteo-historical-forecast,Maharana Pratap's Jayanti,public,RJ,python-holidays,true,2026-06-17T06:00,25.5,3,17,79,1.1,Jaipur,2026-06-17T12:00,34.1,55,6,40,7.8,Jaipur
2026-06-18,Jaipur,JAI,26.9124,75.7873,Thursday,false,36.4,27.1,31.8,40.1,30.2,0.3,0.1,3.0,12.2,33.1,283,51,open-meteo-historical-forecast,,,,,false,2026-06-18T06:00,28.2,0,8,74,5.2,Jaipur,2026-06-18T12:00,36.0,0,28,37,9.4,Jaipur
2026-06-19,Jaipur,JAI,26.9124,75.7873,Friday,false,35.0,26.6,30.8,38.3,29.3,0.6,0.5,4.0,11.5,28.8,271,51,open-meteo-historical-forecast,,,,,false,2026-06-19T06:00,27.0,0,20,68,4.0,Jaipur,2026-06-19T12:00,34.2,1,13,42,8.8,Jaipur
2026-06-20,Jaipur,JAI,26.9124,75.7873,Saturday,true,35.7,27.3,31.2,38.5,30.2,1.8,0.7,5.0,15.6,40.0,278,55,open-meteo-historical-forecast,,,,,false,2026-06-20T06:00,27.7,0,3,72,7.6,Jaipur,2026-06-20T12:00,34.2,55,26,42,11.6,Jaipur
2026-06-21,Jaipur,JAI,26.9124,75.7873,Sunday,true,34.9,26.6,30.6,37.2,28.6,1.1,0.6,4.0,16.9,41.8,273,53,open-meteo-historical-forecast,,,,,false,2026-06-21T06:00,26.8,1,0,72,9.4,Jaipur,2026-06-21T12:00,33.3,1,10,40,14.6,Jaipur
2026-06-22,Jaipur,JAI,26.9124,75.7873,Monday,false,35.9,22.9,30.2,38.4,27.4,2.5,1.0,7.0,14.9,39.6,276,80,open-meteo-historical-forecast,,,,,false,2026-06-22T06:00,26.4,51,57,66,13.3,Jaipur,2026-06-22T12:00,35.0,0,15,38,11.0,Jaipur
2026-06-23,Jaipur,JAI,26.9124,75.7873,Tuesday,false,37.3,27.5,32.0,38.9,29.1,0.0,0.0,0.0,14.6,38.5,276,3,open-meteo-historical-forecast,,,,,false,2026-06-23T06:00,27.7,0,1,59,8.8,Jaipur,2026-06-23T12:00,37.1,1,9,28,11.1,Jaipur
2026-06-24,Jaipur,JAI,26.9124,75.7873,Wednesday,false,36.2,26.6,31.3,38.4,29.3,0.7,0.7,3.0,14.2,49.3,242,51,open-meteo-historical-forecast,,,,,false,2026-06-24T06:00,26.8,2,31,65,6.3,Jaipur,2026-06-24T12:00,34.6,3,19,37,5.4,Jaipur
2026-06-25,Jaipur,JAI,26.9124,75.7873,Thursday,false,35.1,27.6,31.4,39.1,30.1,1.3,1.1,3.0,12.6,33.5,256,53,open-meteo-historical-forecast,,,,,false,2026-06-25T06:00,27.6,0,16,65,8.0,Jaipur,2026-06-25T12:00,32.2,53,19,47,11.0,Jaipur
2026-06-26,Jaipur,JAI,26.9124,75.7873,Friday,false,37.2,27.0,32.2,42.4,30.0,0.8,0.5,3.0,11.7,28.1,274,51,open-meteo-historical-forecast,Muharram,public,National,python-holidays,true,2026-06-26T06:00,28.2,0,0,69,7.6,Jaipur,2026-06-26T12:00,36.7,1,6,39,3.5,Jaipur
2026-06-27,Jaipur,JAI,26.9124,75.7873,Saturday,true,38.1,28.6,33.6,41.9,32.3,0.2,0.2,2.0,12.4,27.7,297,51,open-meteo-historical-forecast,,,,,false,2026-06-27T06:00,29.1,0,3,65,9.5,Jaipur,2026-06-27T12:00,37.6,0,2,35,8.0,Jaipur
2026-06-28,Jaipur,JAI,26.9124,75.7873,Sunday,true,39.3,28.1,33.8,42.3,31.7,1.5,1.3,3.0,14.0,36.0,269,53,open-meteo-historical-forecast,,,,,false,2026-06-28T06:00,28.9,1,10,70,7.6,Jaipur,2026-06-28T12:00,38.1,1,2,35,11.1,Jaipur
2026-06-29,Jaipur,JAI,26.9124,75.7873,Monday,false,38.3,28.4,33.7,42.1,32.8,0.4,0.3,2.0,12.5,34.6,256,51,open-meteo-historical-forecast,,,,,false,2026-06-29T06:00,28.4,2,4,75,6.6,Jaipur,2026-06-29T12:00,36.8,0,0,39,12.1,Jaipur
2026-06-30,Jaipur,JAI,26.9124,75.7873,Tuesday,false,38.2,31.1,34.6,42.0,32.6,0.1,0.1,1.0,16.3,40.0,264,51,open-meteo-historical-forecast,,,,,false,2026-06-30T06:00,31.2,0,0,52,15.5,Jaipur,2026-06-30T12:00,37.4,1,11,37,9.7,Jaipur
2026-06-01,Lucknow,LKO,26.8467,80.9462,Monday,false,33.5,24.0,28.9,37.1,27.4,2.5,2.1,3.0,11.0,31.0,35,55,open-meteo-historical-forecast,,,,,false,2026-06-01T06:00,24.3,55,34,92,7.0,Lucknow,2026-06-01T12:00,30.3,55,9,57,11.0,Lucknow
2026-06-02,Lucknow,LKO,26.8467,80.9462,Tuesday,false,36.6,26.1,30.7,41.8,28.9,0.7,0.4,3.0,12.2,23.8,355,51,open-meteo-historical-forecast,,,,,false,2026-06-02T06:00,27.0,2,22,74,2.6,Lucknow,2026-06-02T12:00,36.2,1,8,39,1.9,Lucknow
2026-06-03,Lucknow,LKO,26.8467,80.9462,Wednesday,false,36.1,25.6,31.0,40.1,29.4,1.5,1.0,6.0,12.6,29.2,287,53,open-meteo-historical-forecast,,,,,false,2026-06-03T06:00,25.6,51,43,87,12.6,Lucknow,2026-06-03T12:00,35.4,53,0,41,8.8,Lucknow
2026-06-04,Lucknow,LKO,26.8467,80.9462,Thursday,false,38.3,27.9,33.8,41.9,33.0,0.1,0.1,1.0,10.8,28.4,255,51,open-meteo-historical-forecast,,,,,false,2026-06-04T06:00,29.7,0,0,67,2.4,Lucknow,2026-06-04T12:00,37.8,0,12,33,6.0,Lucknow
2026-06-05,Lucknow,LKO,26.8467,80.9462,Friday,false,38.3,28.1,33.3,42.9,30.4,0.5,0.5,3.0,15.1,31.0,314,51,open-meteo-historical-forecast,,,,,false,2026-06-05T06:00,28.1,51,10,66,13.9,Lucknow,2026-06-05T12:00,37.7,0,17,32,0.4,Lucknow
2026-06-06,Lucknow,LKO,26.8467,80.9462,Saturday,true,38.0,29.2,33.3,42.1,33.5,0.2,0.1,2.0,11.4,27.7,311,51,open-meteo-historical-forecast,,,,,false,2026-06-06T06:00,30.1,1,30,63,1.9,Lucknow,2026-06-06T12:00,37.2,0,23,39,7.3,Lucknow
2026-06-07,Lucknow,LKO,26.8467,80.9462,Sunday,true,39.1,27.6,34.1,43.7,32.3,0.1,0.1,1.0,14.4,36.4,252,51,open-meteo-historical-forecast,,,,,false,2026-06-07T06:00,28.5,0,0,74,5.1,Lucknow,2026-06-07T12:00,38.6,51,10,33,2.7,Lucknow
2026-06-08,Lucknow,LKO,26.8467,80.9462,Monday,false,39.9,30.6,35.6,42.1,32.3,0.2,0.2,1.0,14.4,34.6,277,51,open-meteo-historical-forecast,,,,,false,2026-06-08T06:00,31.6,1,1,50,6.8,Lucknow,2026-06-08T12:00,38.9,51,7,31,12.0,Lucknow
2026-06-09,Lucknow,LKO,26.8467,80.9462,Tuesday,false,41.7,30.2,36.0,44.7,31.5,0.6,0.4,4.0,17.2,43.9,254,51,open-meteo-historical-forecast,,,,,false,2026-06-09T06:00,30.9,0,2,52,7.5,Lucknow,2026-06-09T12:00,41.7,1,19,24,9.1,Lucknow
2026-06-10,Lucknow,LKO,26.8467,80.9462,Wednesday,false,40.4,29.7,35.6,43.7,33.9,0.0,0.0,0.0,13.0,34.6,331,2,open-meteo-historical-forecast,,,,,false,2026-06-10T06:00,30.1,0,2,66,5.1,Lucknow,2026-06-10T12:00,39.5,1,8,30,8.7,Lucknow
2026-06-11,Lucknow,LKO,26.8467,80.9462,Thursday,false,34.1,25.2,30.5,38.5,29.2,0.7,0.7,2.0,14.5,41.0,101,53,open-meteo-historical-forecast,,,,,false,2026-06-11T06:00,25.2,53,34,94,14.0,Lucknow,2026-06-11T12:00,33.6,0,16,51,12.6,Lucknow
2026-06-12,Lucknow,LKO,26.8467,80.9462,Friday,false,33.7,25.0,29.2,40.1,28.5,9.0,6.5,4.0,17.0,41.0,79,95,open-meteo-historical-forecast,,,,,false,2026-06-12T06:00,26.4,51,59,80,14.7,Lucknow,2026-06-12T12:00,32.1,1,52,61,10.0,Lucknow
2026-06-13,Lucknow,LKO,26.8467,80.9462,Saturday,true,32.5,23.8,27.8,38.1,28.3,23.4,13.6,8.0,12.4,32.4,43,95,open-meteo-historical-forecast,,,,,false,2026-06-13T06:00,24.0,95,93,94,2.8,Lucknow,2026-06-13T12:00,28.6,1,50,77,4.9,Lucknow
2026-06-14,Lucknow,LKO,26.8467,80.9462,Sunday,true,36.2,26.8,31.3,40.3,31.2,0.0,0.0,0.0,12.1,30.2,277,1,open-meteo-historical-forecast,,,,,false,2026-06-14T06:00,27.5,0,9,80,6.4,Lucknow,2026-06-14T12:00,35.1,0,5,46,10.4,Lucknow
2026-06-15,Lucknow,LKO,26.8467,80.9462,Monday,false,37.5,28.1,32.6,41.6,30.9,0.0,0.0,0.0,12.7,27.4,259,3,open-meteo-historical-forecast,,,,,false,2026-06-15T06:00,28.7,0,0,63,8.0,Lucknow,2026-06-15T12:00,36.4,0,3,40,10.9,Lucknow
2026-06-16,Lucknow,LKO,26.8467,80.9462,Tuesday,false,38.5,27.3,33.3,42.9,31.1,0.0,0.0,0.0,14.6,37.1,327,1,open-meteo-historical-forecast,,,,,false,2026-06-16T06:00,28.3,0,4,70,8.9,Lucknow,2026-06-16T12:00,37.8,0,10,36,5.6,Lucknow
2026-06-17,Lucknow,LKO,26.8467,80.9462,Wednesday,false,38.8,29.3,34.2,41.8,33.3,0.2,0.1,1.0,12.1,33.1,292,51,open-meteo-historical-forecast,,,,,false,2026-06-17T06:00,29.8,1,14,64,6.6,Lucknow,2026-06-17T12:00,37.6,0,18,32,1.3,Lucknow
2026-06-18,Lucknow,LKO,26.8467,80.9462,Thursday,false,39.5,30.4,35.2,43.8,34.0,0.7,0.3,1.0,17.9,43.2,268,53,open-meteo-historical-forecast,,,,,false,2026-06-18T06:00,31.3,0,0,61,1.5,Lucknow,2026-06-18T12:00,39.5,1,10,32,8.1,Lucknow
2026-06-19,Lucknow,LKO,26.8467,80.9462,Friday,false,39.6,30.4,35.4,44.2,34.5,1.7,1.0,4.0,19.6,47.5,273,55,open-meteo-historical-forecast,,,,,false,2026-06-19T06:00,31.1,51,1,59,2.0,Lucknow,2026-06-19T12:00,36.3,55,27,40,19.6,Lucknow
2026-06-20,Lucknow,LKO,26.8467,80.9462,Saturday,true,40.1,31.2,36.0,43.7,34.8,0.2,0.1,1.0,17.5,41.4,286,51,open-meteo-historical-forecast,,,,,false,2026-06-20T06:00,31.7,0,0,55,7.6,Lucknow,2026-06-20T12:00,40.0,51,12,33,13.9,Lucknow
2026-06-21,Lucknow,LKO,26.8467,80.9462,Sunday,true,39.6,31.6,35.9,41.8,34.2,0.0,0.0,0.0,15.6,39.2,279,3,open-meteo-historical-forecast,,,,,false,2026-06-21T06:00,32.0,0,2,57,9.8,Lucknow,2026-06-21T12:00,39.0,1,1,32,13.0,Lucknow
2026-06-22,Lucknow,LKO,26.8467,80.9462,Monday,false,40.1,31.1,35.8,42.5,34.0,0.0,0.0,0.0,15.3,37.1,281,1,open-meteo-historical-forecast,,,,,false,2026-06-22T06:00,31.4,0,0,55,8.0,Lucknow,2026-06-22T12:00,39.6,0,1,29,13.5,Lucknow
2026-06-23,Lucknow,LKO,26.8467,80.9462,Tuesday,false,39.7,30.9,35.6,41.7,33.6,0.0,0.0,0.0,15.1,39.2,293,3,open-meteo-historical-forecast,,,,,false,2026-06-23T06:00,31.5,0,0,53,7.4,Lucknow,2026-06-23T12:00,39.1,0,6,28,14.4,Lucknow
2026-06-24,Lucknow,LKO,26.8467,80.9462,Wednesday,false,38.9,28.2,35.2,42.6,32.3,0.1,0.1,1.0,10.3,27.4,289,51,open-meteo-historical-forecast,,,,,false,2026-06-24T06:00,29.5,3,11,62,4.4,Lucknow,2026-06-24T12:00,38.9,0,1,29,8.0,Lucknow
2026-06-25,Lucknow,LKO,26.8467,80.9462,Thursday,false,40.0,30.6,36.1,43.7,33.5,0.2,0.2,2.0,14.8,34.2,238,51,open-meteo-historical-forecast,,,,,false,2026-06-25T06:00,32.3,0,26,50,1.3,Lucknow,2026-06-25T12:00,38.9,2,14,31,10.0,Lucknow
2026-06-26,Lucknow,LKO,26.8467,80.9462,Friday,false,40.3,29.8,35.6,45.6,34.3,0.4,0.3,3.0,12.0,29.9,166,51,open-meteo-historical-forecast,Muharram,public,National,python-holidays,true,2026-06-26T06:00,31.2,0,1,68,4.6,Lucknow,2026-06-26T12:00,39.8,51,22,35,6.7,Lucknow
2026-06-27,Lucknow,LKO,26.8467,80.9462,Saturday,true,39.7,29.6,34.9,45.6,35.4,0.5,0.4,4.0,9.9,27.7,169,51,open-meteo-historical-forecast,,,,,false,2026-06-27T06:00,29.6,51,22,80,9.7,Lucknow,2026-06-27T12:00,38.7,0,8,41,7.5,Lucknow
2026-06-28,Lucknow,LKO,26.8467,80.9462,Sunday,true,39.9,28.4,34.1,45.7,34.0,3.0,1.0,4.0,13.1,33.8,196,80,open-meteo-historical-forecast,,,,,false,2026-06-28T06:00,29.4,0,27,81,9.9,Lucknow,2026-06-28T12:00,38.9,0,2,40,3.8,Lucknow
2026-06-29,Lucknow,LKO,26.8467,80.9462,Monday,false,36.6,28.8,31.9,43.9,34.1,6.1,3.9,8.0,13.3,33.1,131,96,open-meteo-historical-forecast,,,,,false,2026-06-29T06:00,29.2,3,38,78,12.4,Lucknow,2026-06-29T12:00,36.6,3,13,52,7.1,Lucknow
2026-06-30,Lucknow,LKO,26.8467,80.9462,Tuesday,false,32.5,28.6,30.4,38.3,33.6,0.1,0.1,1.0,12.6,29.2,101,51,open-meteo-historical-forecast,,,,,false,2026-06-30T06:00,28.6,3,31,81,12.6,Lucknow,2026-06-30T12:00,31.2,51,67,65,5.2,Lucknow
2026-06-01,Chennai,MAA,13.0827,80.2707,Monday,false,38.9,29.4,32.5,43.5,33.6,1.0,0.9,5.0,17.1,46.4,196,51,open-meteo-historical-forecast,,,,,false,2026-06-01T06:00,29.8,3,0,70,9.2,Chennai,2026-06-01T12:00,36.1,51,24,44,17.1,Chennai
2026-06-02,Chennai,MAA,13.0827,80.2707,Tuesday,false,38.2,29.1,32.7,44.0,34.5,3.4,1.1,8.0,17.4,39.2,200,55,open-meteo-historical-forecast,,,,,false,2026-06-02T06:00,29.8,1,7,80,8.9,Chennai,2026-06-02T12:00,37.8,51,35,39,5.3,Chennai
2026-06-03,Chennai,MAA,13.0827,80.2707,Wednesday,false,38.5,29.3,33.0,44.8,33.7,1.5,1.4,5.0,14.9,39.2,203,53,open-meteo-historical-forecast,,,,,false,2026-06-03T06:00,29.7,2,0,71,9.9,Chennai,2026-06-03T12:00,38.5,1,19,38,4.5,Chennai
2026-06-04,Chennai,MAA,13.0827,80.2707,Thursday,false,38.5,30.6,33.3,42.8,32.5,2.9,2.6,3.0,17.6,41.8,223,80,open-meteo-historical-forecast,,,,,false,2026-06-04T06:00,30.7,3,0,55,15.5,Chennai,2026-06-04T12:00,38.4,2,14,34,9.6,Chennai
2026-06-05,Chennai,MAA,13.0827,80.2707,Friday,false,40.2,30.7,34.2,42.3,33.0,1.0,0.8,3.0,19.7,46.8,253,53,open-meteo-historical-forecast,,,,,false,2026-06-05T06:00,30.7,3,1,58,15.5,Chennai,2026-06-05T12:00,38.3,3,4,35,13.8,Chennai
2026-06-06,Chennai,MAA,13.0827,80.2707,Saturday,true,39.1,30.6,34.5,43.4,32.8,0.0,0.0,0.0,17.2,42.1,238,3,open-meteo-historical-forecast,,,,,false,2026-06-06T06:00,30.6,3,1,57,14.0,Chennai,2026-06-06T12:00,37.9,3,0,36,13.0,Chennai
2026-06-07,Chennai,MAA,13.0827,80.2707,Sunday,true,38.9,31.1,33.9,43.4,33.3,4.9,4.0,5.0,16.4,41.0,228,80,open-meteo-historical-forecast,,,,,false,2026-06-07T06:00,31.3,3,0,54,12.9,Chennai,2026-06-07T12:00,38.1,3,9,36,13.0,Chennai
2026-06-08,Chennai,MAA,13.0827,80.2707,Monday,false,37.9,29.8,33.5,41.1,32.8,0.3,0.2,2.0,17.8,44.6,251,51,open-meteo-historical-forecast,,,,,false,2026-06-08T06:00,29.8,3,1,64,12.4,Chennai,2026-06-08T12:00,35.9,2,12,43,15.1,Chennai
2026-06-09,Chennai,MAA,13.0827,80.2707,Tuesday,false,39.6,29.7,33.8,41.2,32.7,1.9,1.5,4.0,21.6,60.5,260,53,open-meteo-historical-forecast,,,,,false,2026-06-09T06:00,31.3,2,0,55,16.9,Chennai,2026-06-09T12:00,38.1,3,13,35,16.2,Chennai
2026-06-10,Chennai,MAA,13.0827,80.2707,Wednesday,false,38.5,28.7,33.6,41.2,32.4,0.9,0.8,5.0,21.2,50.4,266,51,open-meteo-historical-forecast,,,,,false,2026-06-10T06:00,30.4,3,0,57,16.2,Chennai,2026-06-10T12:00,37.1,3,6,38,17.3,Chennai
2026-06-11,Chennai,MAA,13.0827,80.2707,Thursday,false,32.8,28.3,30.8,38.0,31.4,4.0,3.3,6.0,16.2,37.1,244,61,open-meteo-historical-forecast,,,,,false,2026-06-11T06:00,28.3,53,10,70,13.6,Chennai,2026-06-11T12:00,31.6,53,31,61,11.2,Chennai
2026-06-12,Chennai,MAA,13.0827,80.2707,Friday,false,33.5,28.1,30.4,37.1,33.7,3.3,1.8,6.0,15.4,37.1,238,95,open-meteo-historical-forecast,,,,,false,2026-06-12T06:00,29.7,3,20,70,12.4,Chennai,2026-06-12T12:00,31.4,53,39,66,11.9,Chennai
2026-06-13,Chennai,MAA,13.0827,80.2707,Saturday,true,36.1,27.7,30.6,41.8,31.3,1.4,0.7,6.0,14.9,38.9,227,53,open-meteo-historical-forecast,,,,,false,2026-06-13T06:00,27.9,3,17,74,12.8,Chennai,2026-06-13T12:00,34.5,1,29,52,11.8,Chennai
2026-06-14,Chennai,MAA,13.0827,80.2707,Sunday,true,35.6,28.3,31.4,39.4,31.2,0.4,0.3,3.0,17.1,43.6,255,51,open-meteo-historical-forecast,,,,,false,2026-06-14T06:00,28.6,3,8,71,14.9,Chennai,2026-06-14T12:00,34.6,3,8,46,17.1,Chennai
2026-06-15,Chennai,MAA,13.0827,80.2707,Monday,false,37.2,28.0,31.9,43.9,31.4,1.7,1.3,5.0,13.8,37.4,224,53,open-meteo-historical-forecast,,,,,false,2026-06-15T06:00,29.6,3,1,63,10.7,Chennai,2026-06-15T12:00,37.2,51,13,41,3.2,Chennai
2026-06-16,Chennai,MAA,13.0827,80.2707,Tuesday,false,37.7,29.2,32.8,43.9,33.0,1.0,0.9,4.0,14.2,30.6,215,51,open-meteo-historical-forecast,,,,,false,2026-06-16T06:00,29.6,1,13,74,12.1,Chennai,2026-06-16T12:00,37.2,0,8,39,6.0,Chennai
2026-06-17,Chennai,MAA,13.0827,80.2707,Wednesday,false,37.4,29.7,32.6,43.4,33.8,0.1,0.0,1.0,15.9,36.0,195,51,open-meteo-historical-forecast,,,,,false,2026-06-17T06:00,29.7,3,6,75,12.2,Chennai,2026-06-17T12:00,37.1,51,11,42,3.7,Chennai
2026-06-18,Chennai,MAA,13.0827,80.2707,Thursday,false,36.4,26.9,31.0,42.6,32.6,4.6,2.7,6.0,18.0,39.6,214,95,open-meteo-historical-forecast,,,,,false,2026-06-18T06:00,26.9,80,33,93,9.5,Chennai,2026-06-18T12:00,35.2,3,6,51,10.6,Chennai
2026-06-19,Chennai,MAA,13.0827,80.2707,Friday,false,34.9,26.9,30.4,40.5,31.5,5.8,3.4,7.0,13.6,36.4,219,80,open-meteo-historical-forecast,,,,,false,2026-06-19T06:00,28.0,3,4,86,6.1,Chennai,2026-06-19T12:00,34.0,3,11,55,8.9,Chennai
2026-06-20,Chennai,MAA,13.0827,80.2707,Saturday,true,32.9,26.5,29.9,40.5,30.9,4.0,2.5,6.0,14.8,29.2,197,95,open-meteo-historical-forecast,,,,,false,2026-06-20T06:00,27.9,3,5,80,8.5,Chennai,2026-06-20T12:00,31.6,51,43,70,6.0,Chennai
2026-06-21,Chennai,MAA,13.0827,80.2707,Sunday,true,33.7,27.7,29.9,41.6,32.3,3.8,2.0,7.0,13.6,33.1,204,95,open-meteo-historical-forecast,,,,,false,2026-06-21T06:00,28.2,3,0,85,10.5,Chennai,2026-06-21T12:00,33.7,3,24,63,8.8,Chennai
2026-06-22,Chennai,MAA,13.0827,80.2707,Monday,false,34.2,26.9,30.1,40.7,31.7,1.7,0.9,6.0,15.3,34.9,205,53,open-meteo-historical-forecast,,,,,false,2026-06-22T06:00,27.8,2,7,83,9.7,Chennai,2026-06-22T12:00,32.8,53,13,58,10.7,Chennai
2026-06-23,Chennai,MAA,13.0827,80.2707,Tuesday,false,35.6,27.5,30.4,41.8,31.3,1.7,0.7,4.0,15.0,37.1,235,55,open-meteo-historical-forecast,,,,,false,2026-06-23T06:00,28.1,3,0,72,13.6,Chennai,2026-06-23T12:00,34.3,1,10,54,8.9,Chennai
2026-06-24,Chennai,MAA,13.0827,80.2707,Wednesday,false,34.6,27.6,30.8,39.4,31.9,0.9,0.5,4.0,15.0,36.0,228,51,open-meteo-historical-forecast,,,,,false,2026-06-24T06:00,28.5,3,0,67,9.0,Chennai,2026-06-24T12:00,33.6,3,0,51,12.3,Chennai
2026-06-25,Chennai,MAA,13.0827,80.2707,Thursday,false,37.1,28.8,31.8,41.8,31.0,2.6,2.0,4.0,15.3,37.4,232,80,open-meteo-historical-forecast,,,,,false,2026-06-25T06:00,28.8,3,0,62,13.5,Chennai,2026-06-25T12:00,36.2,3,17,42,11.2,Chennai
2026-06-26,Chennai,MAA,13.0827,80.2707,Friday,false,35.6,28.6,31.3,39.3,33.2,0.0,0.0,0.0,16.1,33.5,205,3,open-meteo-historical-forecast,Muharram,public,National,python-holidays,true,2026-06-26T06:00,28.6,3,3,77,8.7,Chennai,2026-06-26T12:00,34.4,3,0,45,11.4,Chennai
2026-06-27,Chennai,MAA,13.0827,80.2707,Saturday,true,37.6,26.6,31.7,43.4,31.9,6.6,3.2,9.0,17.3,41.4,193,80,open-meteo-historical-forecast,,,,,false,2026-06-27T06:00,29.8,3,14,67,6.9,Chennai,2026-06-27T12:00,37.0,2,15,41,3.7,Chennai
2026-06-28,Chennai,MAA,13.0827,80.2707,Sunday,true,34.6,25.4,29.3,41.5,30.2,24.5,6.4,12.0,15.7,40.7,197,95,open-meteo-historical-forecast,,,,,false,2026-06-28T06:00,27.6,2,6,90,10.2,Chennai,2026-06-28T12:00,34.6,1,10,52,8.1,Chennai
2026-06-29,Chennai,MAA,13.0827,80.2707,Monday,false,34.7,27.0,30.3,41.2,32.3,1.7,1.5,8.0,16.6,37.8,213,53,open-meteo-historical-forecast,,,,,false,2026-06-29T06:00,28.1,1,0,87,5.1,Chennai,2026-06-29T12:00,34.7,51,18,49,6.8,Chennai
2026-06-30,Chennai,MAA,13.0827,80.2707,Tuesday,false,36.3,28.0,31.1,40.6,31.9,2.9,1.6,4.0,15.7,40.0,252,80,open-meteo-historical-forecast,,,,,false,2026-06-30T06:00,28.7,2,0,71,9.2,Chennai,2026-06-30T12:00,35.7,3,14,46,12.1,Chennai
2026-06-01,Pune,PNQ,18.5204,73.8567,Monday,false,36.6,24.0,29.3,39.0,28.1,1.4,0.5,2.0,17.8,42.1,268,80,open-meteo-historical-forecast,,,,,false,2026-06-01T06:00,24.0,0,0,91,6.7,Pune,2026-06-01T12:00,34.5,1,6,36,9.2,Pune
2026-06-02,Pune,PNQ,18.5204,73.8567,Tuesday,false,36.1,24.7,28.7,38.7,28.2,2.3,1.3,7.0,22.3,52.6,269,53,open-meteo-historical-forecast,,,,,false,2026-06-02T06:00,24.9,1,4,83,6.7,Pune,2026-06-02T12:00,34.8,51,24,34,9.0,Pune
2026-06-03,Pune,PNQ,18.5204,73.8567,Wednesday,false,35.9,23.7,28.6,39.2,27.1,0.2,0.0,2.0,17.8,42.5,256,51,open-meteo-historical-forecast,,,,,false,2026-06-03T06:00,24.3,0,0,83,6.9,Pune,2026-06-03T12:00,34.3,0,5,38,5.5,Pune
2026-06-04,Pune,PNQ,18.5204,73.8567,Thursday,false,36.5,24.0,28.7,40.3,27.4,1.0,0.6,3.0,18.7,52.6,258,53,open-meteo-historical-forecast,,,,,false,2026-06-04T06:00,24.2,0,0,84,4.4,Pune,2026-06-04T12:00,35.3,1,7,35,3.0,Pune
2026-06-05,Pune,PNQ,18.5204,73.8567,Friday,false,35.9,25.3,29.0,39.5,28.8,2.4,0.9,4.0,16.3,42.8,263,55,open-meteo-historical-forecast,,,,,false,2026-06-05T06:00,25.5,3,0,82,5.6,Pune,2026-06-05T12:00,35.2,1,16,39,7.9,Pune
2026-06-06,Pune,PNQ,18.5204,73.8567,Saturday,true,36.5,25.4,29.2,39.2,28.9,1.4,0.5,3.0,19.2,46.8,275,55,open-meteo-historical-forecast,,,,,false,2026-06-06T06:00,25.4,0,2,87,7.6,Pune,2026-06-06T12:00,35.2,0,4,34,7.5,Pune
2026-06-07,Pune,PNQ,18.5204,73.8567,Sunday,true,35.3,24.9,28.9,38.5,28.1,1.6,0.5,2.0,18.7,46.1,269,80,open-meteo-historical-forecast,,,,,false,2026-06-07T06:00,25.4,3,1,86,10.8,Pune,2026-06-07T12:00,34.9,1,16,38,10.7,Pune
2026-06-08,Pune,PNQ,18.5204,73.8567,Monday,false,33.5,24.5,28.2,36.7,27.6,1.6,0.9,5.0,20.0,49.7,265,53,open-meteo-historical-forecast,,,,,false,2026-06-08T06:00,25.4,1,0,88,10.6,Pune,2026-06-08T12:00,33.1,51,17,46,14.9,Pune
2026-06-09,Pune,PNQ,18.5204,73.8567,Tuesday,false,33.1,24.3,27.7,35.5,27.0,1.1,0.7,2.0,20.2,50.0,262,55,open-meteo-historical-forecast,,,,,false,2026-06-09T06:00,24.6,2,0,85,12.8,Pune,2026-06-09T12:00,33.1,2,28,43,17.0,Pune
2026-06-10,Pune,PNQ,18.5204,73.8567,Wednesday,false,33.8,24.5,28.3,35.9,26.9,0.2,0.2,2.0,20.3,48.2,263,51,open-meteo-historical-forecast,,,,,false,2026-06-10T06:00,24.5,2,0,86,11.8,Pune,2026-06-10T12:00,33.4,1,18,43,17.3,Pune
2026-06-11,Pune,PNQ,18.5204,73.8567,Thursday,false,35.2,24.7,28.8,37.7,27.5,0.0,0.0,0.0,19.1,46.8,264,3,open-meteo-historical-forecast,,,,,false,2026-06-11T06:00,24.7,1,0,84,10.8,Pune,2026-06-11T12:00,34.2,3,0,41,16.2,Pune
2026-06-12,Pune,PNQ,18.5204,73.8567,Friday,false,34.2,24.5,28.6,36.8,27.6,0.8,0.7,5.0,18.6,46.4,257,51,open-meteo-historical-forecast,,,,,false,2026-06-12T06:00,25.4,0,0,85,13.2,Pune,2026-06-12T12:00,33.4,3,13,44,16.6,Pune
2026-06-13,Pune,PNQ,18.5204,73.8567,Saturday,true,34.4,24.9,28.6,36.5,28.0,1.2,0.3,2.0,21.6,51.8,266,55,open-meteo-historical-forecast,,,,,false,2026-06-13T06:00,24.9,2,0,86,13.7,Pune,2026-06-13T12:00,34.2,1,26,39,16.3,Pune
2026-06-14,Pune,PNQ,18.5204,73.8567,Sunday,true,33.5,24.7,28.0,35.3,27.6,2.1,0.5,8.0,22.0,53.3,270,53,open-meteo-historical-forecast,,,,,false,2026-06-14T06:00,25.1,1,0,82,11.6,Pune,2026-06-14T12:00,33.5,51,40,38,15.9,Pune
2026-06-15,Pune,PNQ,18.5204,73.8567,Monday,false,33.8,24.0,27.9,35.6,27.0,1.7,0.8,6.0,21.5,51.8,274,53,open-meteo-historical-forecast,,,,,false,2026-06-15T06:00,24.2,0,0,84,8.5,Pune,2026-06-15T12:00,32.6,51,33,43,18.7,Pune
2026-06-16,Pune,PNQ,18.5204,73.8567,Tuesday,false,34.5,23.4,28.1,36.1,27.0,0.6,0.0,2.0,19.8,47.9,269,53,open-meteo-historical-forecast,,,,,false,2026-06-16T06:00,23.9,0,0,85,8.1,Pune,2026-06-16T12:00,33.8,1,14,36,13.7,Pune
2026-06-17,Pune,PNQ,18.5204,73.8567,Wednesday,false,35.1,23.9,28.2,37.0,26.9,2.8,0.4,2.0,20.9,50.4,271,80,open-meteo-historical-forecast,,,,,false,2026-06-17T06:00,24.1,3,0,87,10.3,Pune,2026-06-17T12:00,34.2,2,7,32,11.9,Pune
2026-06-18,Pune,PNQ,18.5204,73.8567,Thursday,false,34.1,23.6,27.9,36.5,26.2,2.3,0.4,3.0,16.9,43.9,269,80,open-meteo-historical-forecast,,,,,false,2026-06-18T06:00,23.8,0,0,85,10.6,Pune,2026-06-18T12:00,34.1,0,10,34,13.0,Pune
2026-06-19,Pune,PNQ,18.5204,73.8567,Friday,false,34.0,22.7,27.8,35.7,25.3,1.6,0.9,2.0,16.8,41.4,261,80,open-meteo-historical-forecast,,,,,false,2026-06-19T06:00,22.8,1,0,86,8.0,Pune,2026-06-19T12:00,33.9,1,11,30,11.0,Pune
2026-06-20,Pune,PNQ,18.5204,73.8567,Saturday,true,34.8,23.3,28.3,36.8,26.1,0.6,0.3,2.0,18.0,41.4,264,53,open-meteo-historical-forecast,,,,,false,2026-06-20T06:00,23.5,3,0,86,6.5,Pune,2026-06-20T12:00,33.3,2,0,37,8.8,Pune
2026-06-21,Pune,PNQ,18.5204,73.8567,Sunday,true,35.7,24.5,28.0,39.0,27.4,2.8,0.8,3.0,20.0,51.5,267,80,open-meteo-historical-forecast,,,,,false,2026-06-21T06:00,24.5,1,12,80,7.1,Pune,2026-06-21T12:00,34.0,3,19,40,6.1,Pune
2026-06-22,Pune,PNQ,18.5204,73.8567,Monday,false,32.4,24.7,26.9,35.3,27.9,6.9,2.2,9.0,16.7,43.9,244,95,open-meteo-historical-forecast,,,,,false,2026-06-22T06:00,24.7,1,26,84,7.1,Pune,2026-06-22T12:00,29.0,55,80,60,15.5,Pune
2026-06-23,Pune,PNQ,18.5204,73.8567,Tuesday,false,28.0,22.1,24.4,30.7,24.5,19.5,11.2,15.0,19.3,45.0,234,95,open-meteo-historical-forecast,,,,,false,2026-06-23T06:00,24.1,3,67,85,8.2,Pune,2026-06-23T12:00,27.5,3,89,67,17.1,Pune
2026-06-24,Pune,PNQ,18.5204,73.8567,Wednesday,false,27.1,21.9,23.6,28.9,24.5,9.0,6.1,16.0,13.7,34.6,259,80,open-meteo-historical-forecast,,,,,false,2026-06-24T06:00,22.3,55,65,92,12.5,Pune,2026-06-24T12:00,24.4,55,84,82,11.2,Pune
2026-06-25,Pune,PNQ,18.5204,73.8567,Thursday,false,29.9,22.7,25.3,34.0,25.0,0.9,0.6,3.0,16.6,38.5,262,51,open-meteo-historical-forecast,,,,,false,2026-06-25T06:00,23.5,3,9,89,9.2,Pune,2026-06-25T12:00,29.2,2,9,59,13.5,Pune
2026-06-26,Pune,PNQ,18.5204,73.8567,Friday,false,31.3,22.6,25.8,35.1,25.7,0.1,0.1,1.0,15.5,35.6,262,51,open-meteo-historical-forecast,Muharram,public,National,python-holidays,true,2026-06-26T06:00,23.4,3,0,87,8.3,Pune,2026-06-26T12:00,29.0,3,30,59,8.8,Pune
2026-06-27,Pune,PNQ,18.5204,73.8567,Saturday,true,32.8,23.1,26.7,36.5,26.4,1.6,1.1,7.0,16.8,41.0,263,53,open-meteo-historical-forecast,,,,,false,2026-06-27T06:00,23.5,1,0,89,6.6,Pune,2026-06-27T12:00,31.6,1,22,47,6.1,Pune
2026-06-28,Pune,PNQ,18.5204,73.8567,Sunday,true,31.5,23.7,25.6,37.4,27.3,11.7,3.7,8.0,18.8,43.6,262,95,open-meteo-historical-forecast,,,,,false,2026-06-28T06:00,24.4,3,17,90,6.1,Pune,2026-06-28T12:00,30.4,2,37,60,5.0,Pune
2026-06-29,Pune,PNQ,18.5204,73.8567,Monday,false,28.3,23.0,24.9,32.1,26.5,4.0,2.4,13.0,16.2,38.5,263,53,open-meteo-historical-forecast,,,,,false,2026-06-29T06:00,23.1,3,40,94,9.3,Pune,2026-06-29T12:00,27.8,53,81,66,13.7,Pune
2026-06-30,Pune,PNQ,18.5204,73.8567,Tuesday,false,27.1,23.3,24.4,31.1,25.9,18.9,10.0,16.0,18.4,44.3,248,81,open-meteo-historical-forecast,,,,,false,2026-06-30T06:00,23.5,3,58,90,12.5,Pune,2026-06-30T12:00,26.9,80,92,77,15.5,Pune
2026-06-01,Surat,STV,21.1702,72.8311,Monday,false,35.3,29.1,31.8,41.3,34.8,0.5,0.0,4.0,19.8,46.1,233,51,open-meteo-historical-forecast,,,,,false,2026-06-01T06:00,29.3,51,16,83,10.5,Surat,2026-06-01T12:00,34.9,0,7,54,13.5,Surat
2026-06-02,Surat,STV,21.1702,72.8311,Tuesday,false,33.5,24.6,29.8,39.2,30.2,6.8,5.2,9.0,15.9,40.3,224,95,open-meteo-historical-forecast,,,,,false,2026-06-02T06:00,24.9,3,30,97,5.1,Surat,2026-06-02T12:00,32.7,95,15,62,13.1,Surat
2026-06-03,Surat,STV,21.1702,72.8311,Wednesday,false,34.4,28.3,31.1,40.5,33.6,3.6,1.4,7.0,17.8,41.8,224,95,open-meteo-historical-forecast,,,,,false,2026-06-03T06:00,28.7,1,12,87,8.9,Surat,2026-06-03T12:00,34.4,51,50,57,14.4,Surat
2026-06-04,Surat,STV,21.1702,72.8311,Thursday,false,34.5,29.3,31.4,40.4,34.4,1.9,1.0,7.0,19.4,47.9,224,53,open-meteo-historical-forecast,,,,,false,2026-06-04T06:00,29.3,0,0,83,8.6,Surat,2026-06-04T12:00,34.4,51,41,59,16.7,Surat
2026-06-05,Surat,STV,21.1702,72.8311,Friday,false,35.1,29.3,31.8,40.4,35.0,0.0,0.0,0.0,19.9,47.5,231,1,open-meteo-historical-forecast,,,,,false,2026-06-05T06:00,29.5,0,2,81,9.5,Surat,2026-06-05T12:00,35.1,0,20,52,14.9,Surat
2026-06-06,Surat,STV,21.1702,72.8311,Saturday,true,35.2,28.2,31.8,40.6,34.2,0.8,0.5,8.0,18.4,44.6,233,51,open-meteo-historical-forecast,,,,,false,2026-06-06T06:00,29.5,51,41,83,9.4,Surat,2026-06-06T12:00,34.9,51,26,54,16.2,Surat
2026-06-07,Surat,STV,21.1702,72.8311,Sunday,true,35.5,29.1,31.9,40.8,34.9,0.7,0.3,5.0,19.2,45.4,229,51,open-meteo-historical-forecast,,,,,false,2026-06-07T06:00,29.2,51,11,85,8.8,Surat,2026-06-07T12:00,35.2,0,2,53,15.0,Surat
2026-06-08,Surat,STV,21.1702,72.8311,Monday,false,35.8,29.4,32.1,40.7,34.4,0.1,0.0,1.0,21.6,52.6,231,51,open-meteo-historical-forecast,,,,,false,2026-06-08T06:00,30.2,2,2,74,14.6,Surat,2026-06-08T12:00,35.8,0,5,48,17.8,Surat
2026-06-09,Surat,STV,21.1702,72.8311,Tuesday,false,35.7,29.7,32.1,40.4,34.7,0.1,0.0,1.0,22.2,53.6,231,51,open-meteo-historical-forecast,,,,,false,2026-06-09T06:00,30.3,1,5,74,15.0,Surat,2026-06-09T12:00,34.9,0,1,53,19.7,Surat
2026-06-10,Surat,STV,21.1702,72.8311,Wednesday,false,35.5,28.0,31.5,40.9,33.3,3.1,1.9,10.0,23.5,53.3,229,53,open-meteo-historical-forecast,,,,,false,2026-06-10T06:00,29.8,1,79,78,13.6,Surat,2026-06-10T12:00,35.0,1,37,57,19.3,Surat
2026-06-11,Surat,STV,21.1702,72.8311,Thursday,false,34.8,29.9,31.9,39.3,34.2,0.7,0.3,6.0,24.2,57.2,223,95,open-meteo-historical-forecast,,,,,false,2026-06-11T06:00,30.6,1,1,71,16.9,Surat,2026-06-11T12:00,34.0,95,6,59,23.2,Surat
2026-06-12,Surat,STV,21.1702,72.8311,Friday,false,34.8,29.8,31.9,38.4,34.0,0.3,0.1,3.0,24.8,58.7,222,51,open-meteo-historical-forecast,,,,,false,2026-06-12T06:00,30.3,1,1,76,17.0,Surat,2026-06-12T12:00,34.3,2,5,56,24.0,Surat
2026-06-13,Surat,STV,21.1702,72.8311,Saturday,true,35.5,29.5,31.7,39.9,33.8,0.7,0.4,6.0,23.5,54.7,228,51,open-meteo-historical-forecast,,,,,false,2026-06-13T06:00,30.2,1,2,71,13.9,Surat,2026-06-13T12:00,34.6,0,12,55,21.0,Surat
2026-06-14,Surat,STV,21.1702,72.8311,Sunday,true,35.1,29.5,31.8,39.2,34.0,1.9,0.0,2.0,23.6,57.2,240,95,open-meteo-historical-forecast,,,,,false,2026-06-14T06:00,29.9,1,0,74,15.0,Surat,2026-06-14T12:00,35.1,3,14,49,19.3,Surat
2026-06-15,Surat,STV,21.1702,72.8311,Monday,false,34.3,29.4,31.6,38.2,33.8,2.4,0.4,5.0,23.8,55.4,236,80,open-meteo-historical-forecast,,,,,false,2026-06-15T06:00,29.7,0,2,74,15.1,Surat,2026-06-15T12:00,34.0,0,48,53,22.4,Surat
2026-06-16,Surat,STV,21.1702,72.8311,Tuesday,false,34.7,29.2,31.5,39.5,33.4,3.5,1.1,8.0,21.6,51.8,235,53,open-meteo-historical-forecast,,,,,false,2026-06-16T06:00,29.6,0,6,73,10.6,Surat,2026-06-16T12:00,34.7,51,46,52,17.9,Surat
2026-06-17,Surat,STV,21.1702,72.8311,Wednesday,false,34.3,29.0,31.1,38.6,33.4,2.6,1.1,10.0,22.2,54.0,233,53,open-meteo-historical-forecast,,,,,false,2026-06-17T06:00,29.2,3,27,77,9.4,Surat,2026-06-17T12:00,34.0,51,62,53,18.2,Surat
2026-06-18,Surat,STV,21.1702,72.8311,Thursday,false,33.9,29.2,31.0,37.2,33.7,3.5,1.1,6.0,20.1,49.7,233,80,open-meteo-historical-forecast,,,,,false,2026-06-18T06:00,29.4,1,22,73,10.4,Surat,2026-06-18T12:00,33.7,1,65,50,19.3,Surat
2026-06-19,Surat,STV,21.1702,72.8311,Friday,false,33.8,26.7,30.4,38.8,31.8,1.7,1.2,8.0,18.0,43.6,230,53,open-meteo-historical-forecast,,,,,false,2026-06-19T06:00,28.2,1,52,84,8.4,Surat,2026-06-19T12:00,33.0,51,50,56,14.7,Surat
2026-06-20,Surat,STV,21.1702,72.8311,Saturday,true,34.3,27.9,30.7,39.4,32.6,1.8,1.1,7.0,16.9,42.8,234,53,open-meteo-historical-forecast,,,,,false,2026-06-20T06:00,28.5,1,50,77,6.4,Surat,2026-06-20T12:00,33.9,51,51,53,13.4,Surat
2026-06-21,Surat,STV,21.1702,72.8311,Sunday,true,35.2,28.7,31.4,39.9,33.9,0.8,0.2,7.0,16.8,42.8,236,51,open-meteo-historical-forecast,,,,,false,2026-06-21T06:00,28.8,51,29,81,8.5,Surat,2026-06-21T12:00,34.8,3,38,47,13.1,Surat
2026-06-22,Surat,STV,21.1702,72.8311,Monday,false,32.1,24.6,29.7,37.5,28.9,4.8,2.8,7.0,14.6,34.6,220,81,open-meteo-historical-forecast,,,,,false,2026-06-22T06:00,24.6,81,78,96,12.4,Surat,2026-06-22T12:00,31.2,51,82,66,9.4,Surat
2026-06-23,Surat,STV,21.1702,72.8311,Tuesday,false,31.2,25.3,29.0,36.4,30.4,3.2,1.5,9.0,16.8,41.8,209,80,open-meteo-historical-forecast,,,,,false,2026-06-23T06:00,25.9,51,70,93,10.0,Surat,2026-06-23T12:00,30.5,51,73,69,14.7,Surat
2026-06-24,Surat,STV,21.1702,72.8311,Wednesday,false,32.2,24.8,28.4,38.1,29.0,6.5,3.7,12.0,22.1,50.4,204,55,open-meteo-historical-forecast,,,,,false,2026-06-24T06:00,26.4,53,51,89,12.1,Surat,2026-06-24T12:00,32.2,3,81,64,13.9,Surat
2026-06-25,Surat,STV,21.1702,72.8311,Thursday,false,33.7,26.7,30.5,38.9,31.9,1.0,0.2,6.0,18.0,40.7,230,51,open-meteo-historical-forecast,,,,,false,2026-06-25T06:00,27.5,51,25,83,4.3,Surat,2026-06-25T12:00,33.6,1,14,53,15.1,Surat
2026-06-26,Surat,STV,21.1702,72.8311,Friday,false,34.8,28.4,31.2,40.0,33.3,0.1,0.1,1.0,15.5,38.2,240,51,open-meteo-historical-forecast,Muharram,public,National,python-holidays,true,2026-06-26T06:00,28.6,0,7,81,4.6,Surat,2026-06-26T12:00,34.6,1,9,47,11.5,Surat
2026-06-27,Surat,STV,21.1702,72.8311,Saturday,true,35.9,29.0,32.0,39.9,33.8,0.0,0.0,0.0,16.6,39.2,241,3,open-meteo-historical-forecast,,,,,false,2026-06-27T06:00,29.0,1,0,77,7.9,Surat,2026-06-27T12:00,35.5,0,0,42,12.3,Surat
2026-06-28,Surat,STV,21.1702,72.8311,Sunday,true,36.3,29.4,32.0,40.7,34.1,0.0,0.0,0.0,18.9,44.3,237,3,open-meteo-historical-forecast,,,,,false,2026-06-28T06:00,29.5,3,0,74,7.7,Surat,2026-06-28T12:00,36.3,2,2,41,11.9,Surat
2026-06-29,Surat,STV,21.1702,72.8311,Monday,false,35.1,29.7,31.4,39.7,33.8,3.5,1.0,8.0,19.6,48.6,231,80,open-meteo-historical-forecast,,,,,false,2026-06-29T06:00,29.9,51,17,75,13.3,Surat,2026-06-29T12:00,35.0,0,47,48,14.6,Surat
2026-06-30,Surat,STV,21.1702,72.8311,Tuesday,false,31.1,26.8,28.6,35.0,32.4,21.6,6.4,23.0,17.9,41.4,209,96,open-meteo-historical-forecast,,,,,false,2026-06-30T06:00,27.3,53,87,92,6.0,Surat,2026-06-30T12:00,28.5,53,98,84,13.4,Surat
2026-06-01,Visakhapatnam,VTZ,17.6868,83.2185,Monday,false,35.7,27.9,31.7,42.1,35.0,0.1,0.0,1.0,11.8,31.3,222,51,open-meteo-historical-forecast,,,,,false,2026-06-01T06:00,28.6,0,9,89,4.2,Visakhapatnam,2026-06-01T12:00,35.7,51,18,48,9.5,Visakhapatnam
2026-06-02,Visakhapatnam,VTZ,17.6868,83.2185,Tuesday,false,36.7,27.7,31.2,41.7,34.3,3.2,1.6,5.0,13.4,36.7,211,95,open-meteo-historical-forecast,,,,,false,2026-06-02T06:00,28.6,0,0,87,5.9,Visakhapatnam,2026-06-02T12:00,33.1,95,34,63,13.3,Visakhapatnam
2026-06-03,Visakhapatnam,VTZ,17.6868,83.2185,Wednesday,false,35.6,27.3,31.6,42.5,33.1,0.3,0.3,2.0,17.8,44.6,220,51,open-meteo-historical-forecast,,,,,false,2026-06-03T06:00,28.7,2,0,88,9.2,Visakhapatnam,2026-06-03T12:00,35.6,51,22,56,16.2,Visakhapatnam
2026-06-04,Visakhapatnam,VTZ,17.6868,83.2185,Thursday,false,37.4,29.2,33.0,43.5,35.1,2.8,1.4,3.0,14.9,41.0,224,80,open-meteo-historical-forecast,,,,,false,2026-06-04T06:00,30.1,1,0,83,9.1,Visakhapatnam,2026-06-04T12:00,34.7,80,60,62,10.2,Visakhapatnam
2026-06-05,Visakhapatnam,VTZ,17.6868,83.2185,Friday,false,38.7,29.0,33.6,44.3,33.2,2.6,1.9,6.0,15.0,42.1,236,80,open-meteo-historical-forecast,,,,,false,2026-06-05T06:00,29.9,1,0,73,9.1,Visakhapatnam,2026-06-05T12:00,36.5,80,52,49,11.4,Visakhapatnam
2026-06-06,Visakhapatnam,VTZ,17.6868,83.2185,Saturday,true,38.2,29.0,33.0,45.1,35.5,1.3,0.4,3.0,14.1,35.6,224,95,open-meteo-historical-forecast,,,,,false,2026-06-06T06:00,30.6,0,9,80,7.0,Visakhapatnam,2026-06-06T12:00,38.2,3,26,48,11.2,Visakhapatnam
2026-06-07,Visakhapatnam,VTZ,17.6868,83.2185,Sunday,true,37.2,29.5,32.8,45.4,34.4,0.2,0.2,2.0,21.8,46.8,217,51,open-meteo-historical-forecast,,,,,false,2026-06-07T06:00,30.2,3,0,76,10.1,Visakhapatnam,2026-06-07T12:00,36.7,0,4,58,13.2,Visakhapatnam
2026-06-08,Visakhapatnam,VTZ,17.6868,83.2185,Monday,false,37.7,29.8,32.9,43.1,35.3,0.0,0.0,0.0,17.4,41.8,223,3,open-meteo-historical-forecast,,,,,false,2026-06-08T06:00,30.8,2,19,74,11.6,Visakhapatnam,2026-06-08T12:00,37.4,3,11,46,6.8,Visakhapatnam
2026-06-09,Visakhapatnam,VTZ,17.6868,83.2185,Tuesday,false,38.3,29.1,32.9,45.7,34.0,0.3,0.2,2.0,14.6,36.7,247,51,open-meteo-historical-forecast,,,,,false,2026-06-09T06:00,29.9,2,0,74,7.8,Visakhapatnam,2026-06-09T12:00,37.8,3,37,47,8.6,Visakhapatnam
2026-06-10,Visakhapatnam,VTZ,17.6868,83.2185,Wednesday,false,40.2,29.2,32.9,47.3,33.7,1.2,0.9,4.0,13.2,28.1,249,95,open-meteo-historical-forecast,,,,,false,2026-06-10T06:00,30.4,3,0,76,7.4,Visakhapatnam,2026-06-10T12:00,40.2,51,14,35,2.3,Visakhapatnam
2026-06-11,Visakhapatnam,VTZ,17.6868,83.2185,Thursday,false,37.7,26.9,32.4,44.8,31.4,0.6,0.1,2.0,13.8,31.3,224,95,open-meteo-historical-forecast,,,,,false,2026-06-11T06:00,27.8,3,3,78,3.7,Visakhapatnam,2026-06-11T12:00,37.7,3,8,44,4.6,Visakhapatnam
2026-06-12,Visakhapatnam,VTZ,17.6868,83.2185,Friday,false,36.2,27.6,31.6,43.5,32.1,20.4,4.4,6.0,16.0,41.0,212,96,open-meteo-historical-forecast,,,,,false,2026-06-12T06:00,29.9,1,12,73,7.1,Visakhapatnam,2026-06-12T12:00,36.2,0,21,55,11.4,Visakhapatnam
2026-06-13,Visakhapatnam,VTZ,17.6868,83.2185,Saturday,true,34.7,27.1,31.1,39.2,33.0,0.3,0.3,2.0,17.7,43.6,233,51,open-meteo-historical-forecast,,,,,false,2026-06-13T06:00,28.1,2,11,85,7.5,Visakhapatnam,2026-06-13T12:00,34.4,51,31,51,14.7,Visakhapatnam
2026-06-14,Visakhapatnam,VTZ,17.6868,83.2185,Sunday,true,36.7,28.6,31.9,43.0,34.1,2.3,1.2,6.0,16.1,41.0,235,95,open-meteo-historical-forecast,,,,,false,2026-06-14T06:00,29.5,2,12,77,9.7,Visakhapatnam,2026-06-14T12:00,36.3,95,47,48,7.1,Visakhapatnam
2026-06-15,Visakhapatnam,VTZ,17.6868,83.2185,Monday,false,36.6,26.5,31.9,43.5,32.2,3.5,2.4,5.0,12.8,36.0,204,95,open-meteo-historical-forecast,,,,,false,2026-06-15T06:00,29.0,2,49,82,1.0,Visakhapatnam,2026-06-15T12:00,36.6,1,35,51,11.9,Visakhapatnam
2026-06-16,Visakhapatnam,VTZ,17.6868,83.2185,Tuesday,false,36.9,28.0,32.1,44.5,34.5,0.2,0.2,2.0,11.0,32.0,203,51,open-meteo-historical-forecast,,,,,false,2026-06-16T06:00,29.4,3,7,75,2.4,Visakhapatnam,2026-06-16T12:00,36.6,3,48,51,6.3,Visakhapatnam
2026-06-17,Visakhapatnam,VTZ,17.6868,83.2185,Wednesday,false,36.4,26.5,30.1,42.6,32.1,10.6,3.2,5.0,16.3,40.7,238,96,open-meteo-historical-forecast,,,,,false,2026-06-17T06:00,30.0,2,15,91,7.3,Visakhapatnam,2026-06-17T12:00,32.4,96,73,74,11.1,Visakhapatnam
2026-06-18,Visakhapatnam,VTZ,17.6868,83.2185,Thursday,false,31.6,26.4,28.4,38.0,31.1,5.6,4.5,10.0,11.7,28.4,229,95,open-meteo-historical-forecast,,,,,false,2026-06-18T06:00,26.6,53,19,87,8.8,Visakhapatnam,2026-06-18T12:00,28.3,80,65,92,3.1,Visakhapatnam
2026-06-19,Visakhapatnam,VTZ,17.6868,83.2185,Friday,false,34.0,26.0,29.9,41.0,31.5,10.8,5.7,9.0,12.8,30.6,214,96,open-meteo-historical-forecast,,,,,false,2026-06-19T06:00,26.1,95,100,97,10.0,Visakhapatnam,2026-06-19T12:00,30.7,96,46,80,4.5,Visakhapatnam
2026-06-20,Visakhapatnam,VTZ,17.6868,83.2185,Saturday,true,35.1,27.0,30.2,42.0,33.6,14.1,3.5,8.0,15.1,36.4,224,96,open-meteo-historical-forecast,,,,,false,2026-06-20T06:00,28.1,0,25,91,5.1,Visakhapatnam,2026-06-20T12:00,34.2,51,22,61,11.9,Visakhapatnam
2026-06-21,Visakhapatnam,VTZ,17.6868,83.2185,Sunday,true,32.6,26.5,28.6,37.2,31.3,3.6,2.9,6.0,16.3,39.2,226,95,open-meteo-historical-forecast,,,,,false,2026-06-21T06:00,26.8,3,25,89,13.4,Visakhapatnam,2026-06-21T12:00,29.3,51,39,83,11.7,Visakhapatnam
2026-06-22,Visakhapatnam,VTZ,17.6868,83.2185,Monday,false,33.1,27.9,30.1,38.1,32.8,1.7,0.9,6.0,17.5,46.8,234,95,open-meteo-historical-forecast,,,,,false,2026-06-22T06:00,28.6,3,14,84,16.8,Visakhapatnam,2026-06-22T12:00,31.0,53,43,69,17.5,Visakhapatnam
2026-06-23,Visakhapatnam,VTZ,17.6868,83.2185,Tuesday,false,32.6,25.4,28.8,39.0,30.3,22.7,6.3,7.0,14.5,32.0,226,96,open-meteo-historical-forecast,,,,,false,2026-06-23T06:00,26.2,96,40,95,12.6,Visakhapatnam,2026-06-23T12:00,31.8,3,45,72,6.8,Visakhapatnam
2026-06-24,Visakhapatnam,VTZ,17.6868,83.2185,Wednesday,false,35.8,27.9,31.2,42.1,32.7,0.2,0.1,2.0,17.8,41.4,224,51,open-meteo-historical-forecast,,,,,false,2026-06-24T06:00,28.3,3,11,82,11.9,Visakhapatnam,2026-06-24T12:00,35.8,2,15,51,11.0,Visakhapatnam
2026-06-25,Visakhapatnam,VTZ,17.6868,83.2185,Thursday,false,36.3,28.1,31.6,41.9,33.1,1.3,0.9,3.0,11.5,30.2,240,53,open-meteo-historical-forecast,,,,,false,2026-06-25T06:00,28.6,3,1,78,7.5,Visakhapatnam,2026-06-25T12:00,36.3,1,41,45,8.8,Visakhapatnam
2026-06-26,Visakhapatnam,VTZ,17.6868,83.2185,Friday,false,34.0,26.3,30.3,41.1,32.3,9.8,3.8,16.0,12.2,34.2,220,95,open-meteo-historical-forecast,Muharram,public,National,python-holidays,true,2026-06-26T06:00,27.4,51,65,94,5.1,Visakhapatnam,2026-06-26T12:00,33.1,95,84,66,7.6,Visakhapatnam
2026-06-27,Visakhapatnam,VTZ,17.6868,83.2185,Saturday,true,32.7,27.8,29.7,40.2,34.4,7.4,2.6,13.0,12.2,31.3,219,96,open-meteo-historical-forecast,,,,,false,2026-06-27T06:00,28.1,95,35,88,7.1,Visakhapatnam,2026-06-27T12:00,31.2,53,91,74,8.7,Visakhapatnam
2026-06-28,Visakhapatnam,VTZ,17.6868,83.2185,Sunday,true,33.5,27.6,29.7,38.6,34.2,4.8,2.0,9.0,18.7,46.1,231,95,open-meteo-historical-forecast,,,,,false,2026-06-28T06:00,28.6,3,25,85,6.8,Visakhapatnam,2026-06-28T12:00,32.3,51,91,63,17.5,Visakhapatnam
2026-06-29,Visakhapatnam,VTZ,17.6868,83.2185,Monday,false,32.2,25.9,29.6,38.6,29.1,0.7,0.7,2.0,21.7,50.8,220,53,open-meteo-historical-forecast,,,,,false,2026-06-29T06:00,26.2,53,40,95,11.6,Visakhapatnam,2026-06-29T12:00,31.8,3,0,71,13.1,Visakhapatnam
2026-06-30,Visakhapatnam,VTZ,17.6868,83.2185,Tuesday,false,35.2,27.9,30.0,41.5,32.5,4.4,2.0,5.0,17.5,37.4,243,96,open-meteo-historical-forecast,,,,,false,2026-06-30T06:00,28.5,3,20,79,15.3,Visakhapatnam,2026-06-30T12:00,35.1,3,27,56,6.3,Visakhapatnam
